id_cliente,nome,email,cidade,estado
1,Brenda Alves,samuel32@example.net,Rocha,SC
2,Aurora Pastor,bandrade@example.org,da Conceição,PE
3,Amanda Novais,zoeleao@example.org,Pastor de da Mota,SE
4,Emanuel Sampaio,rfernandes@example.org,Teixeira,MT
5,Caleb Garcia,fogacacatarina@example.net,Aparecida dos Dourados,PI
6,Marcos Vinicius Barros,eloa93@example.net,Aparecida,RO
7,João Vitor Barros,guilhermegarcia@example.com,Porto de Fonseca,CE
8,Dr. Gustavo Henrique Rios,diego92@example.net,Castro,PB
9,Júlia Porto,ayllavargas@example.org,Andrade,SE
10,Dr. João Felipe Azevedo,ana-vitoriacunha@example.net,Gonçalves de Ramos,PB
11,João Carvalho,stephanyda-luz@example.net,Pacheco das Flores,MS
12,Davi Miguel Moraes,wborges@example.org,Cassiano,RS
13,Otávio Peixoto,gomesgiovanna@example.net,Moura de da Cunha,PI
14,Danilo Rodrigues,carolina14@example.com,Marques,AC
15,Dra. Julia Montenegro,nataliacaldeira@example.net,Porto do Galho,RN
16,Eduardo Freitas,valentinavasconcelos@example.net,Peixoto,MT
17,Allana Camargo,ana-liz30@example.org,Barros,SC
18,Ana Lívia Teixeira,jose-miguelribeiro@example.com,da Luz,PE
19,Mariana Cunha,ana-liviaguerra@example.net,Macedo do Galho,PB
20,Josué Câmara,fernandesasafe@example.net,Pastor,ES
21,Brayan Santos,da-conceicaodavi-luiz@example.org,Barbosa do Galho,ES
22,Ryan Cunha,maria-juliada-cruz@example.com,Correia do Campo,AM
23,Marina Fogaça,djesus@example.net,Rocha,RS
24,Beatriz Araújo,vsiqueira@example.org,Correia,DF
25,Melissa Carvalho,rcirino@example.com,Barbosa,PB
26,Beatriz Aragão,borgesrenan@example.org,Mendonça do Amparo,DF
27,Ana Liz Cavalcante,yabreu@example.com,da Paz de Lima,RR
28,Dra. Raquel Cassiano,ana-carolinacunha@example.org,Souza,MT
29,Benicio Pacheco,hmontenegro@example.org,Moraes,AP
30,Bernardo Peixoto,rocharavy@example.com,Nunes,ES
31,Ana Cecília Pinto,leaorebeca@example.com,Costela Alegre,ES
32,Miguel Cardoso,maria-cecilia51@example.org,Pinto de Nunes,AM
33,Vitor Gabriel Cunha,joao51@example.org,da Paz da Serra,PB
34,Liz Pimenta,riosana-clara@example.net,Carvalho,GO
35,Cauê Souza,yagoda-paz@example.net,Silva,MT
36,João Montenegro,dda-cunha@example.org,da Mota do Norte,AC
37,Sr. João Castro,tnovaes@example.com,Camargo,AP
38,Srta. Ísis Andrade,juan62@example.org,Fonseca do Norte,MS
39,Josué Rios,fogacajoana@example.net,da Costa,CE
40,Noah Alves,brendaviana@example.com,da Mata,CE
41,Srta. Maria Helena Andrade,mcamara@example.com,das Neves de Goiás,ES
42,Gael Guerra,agatha14@example.com,Rocha da Prata,MT
43,Danilo da Luz,viniciusandrade@example.org,Ferreira Alegre,PA
44,Sophia Camargo,moliveira@example.com,Santos,PA
45,Vicente Nascimento,emanuellalopes@example.org,Pinto Alegre,RO
46,Kaique Montenegro,julia56@example.net,Novaes Grande,DF
47,Maria Helena Rocha,ana-juliaguerra@example.net,da Rosa,MA
48,Pedro Viana,maria-flor77@example.net,Moraes,PR
49,Srta. Antonella da Paz,francisco34@example.org,Casa Grande,AC
50,Joaquim Melo,marqueskamilly@example.net,Silva,RR
51,Sabrina Guerra,juanrezende@example.net,Sá,SP
52,Otávio Câmara,rafaelamartins@example.org,Campos,PB
53,Ravi Rios,luisa98@example.com,Castro de Souza,PR
54,Joana Sá,yurivargas@example.net,Pires de da Costa,GO
55,Ana Vitória Silva,ravy45@example.com,Carvalho,BA
56,Matheus Sales,pauloazevedo@example.com,Farias da Prata,PB
57,Ana Liz Costela,xgomes@example.net,Teixeira,RJ
58,Pietra Abreu,ana-cecilia66@example.net,Mendonça,ES
59,Pedro Henrique Mendonça,gomesbarbara@example.net,Silveira da Serra,TO
60,Carolina Pinto,goncalvesbenjamim@example.org,Carvalho dos Dourados,CE
61,José Pedro Garcia,otavio75@example.com,da Mota das Pedras,GO
62,Ravy Almeida,ferreirapietro@example.net,Vasconcelos,RS
63,Arthur da Cruz,asafepinto@example.org,Cardoso,PR
64,Bruna Nunes,maria-florsampaio@example.com,Cavalcante do Campo,SP
65,Leonardo Caldeira,das-nevesfernanda@example.com,Barbosa,RJ
66,Dra. Isabelly Caldeira,isaque90@example.com,Ribeiro da Praia,AP
67,Manuela Albuquerque,gmendonca@example.com,Porto dos Dourados,RR
68,Pedro Henrique Cavalcanti,stephany77@example.com,Duarte de Goiás,TO
69,João Lucas Machado,maria-fernandanunes@example.net,Fernandes do Sul,PR
70,Sr. Ryan Cunha,valentim54@example.net,Novais do Sul,PE
71,Bryan da Costa,jmendonca@example.org,Ramos de Silva,PR
72,Allana Borges,pedro-miguel63@example.com,Melo da Prata,PE
73,Dr. Yan Farias,maria44@example.com,Campos,SC
74,Levi Campos,matheuscunha@example.net,da Mota de Silveira,RJ
75,Larissa Brito,ana-carolinada-conceicao@example.com,da Rosa,AC
76,Dra. Carolina da Mota,aragaoana@example.net,Porto,SP
77,Bella Albuquerque,maria-isis77@example.com,Aragão,GO
78,Bruna Azevedo,emendonca@example.net,Cassiano,BA
79,Liz Barros,isaacnovais@example.com,Vasconcelos,PE
80,Milena Macedo,liz49@example.net,Pimenta,SC
81,Gustavo Henrique Pires,viniciusribeiro@example.org,da Costa,CE
82,Ana Vitória Castro,jesusmanuella@example.net,da Rocha de Andrade,ES
83,João Miguel Sampaio,rbarbosa@example.org,Viana Verde,RO
84,Otávio Camargo,kaiqueda-mata@example.org,Araújo,CE
85,João Pedro Macedo,martinsana-julia@example.net,da Mata do Galho,PI
86,Maysa Barros,lopesayla@example.net,Alves de Minas,ES
87,Alícia Teixeira,bruno27@example.net,da Mota de Cirino,RJ
88,Rebeca Borges,aferreira@example.com,Rios do Campo,CE
89,Dr. Thales da Paz,jteixeira@example.org,Borges de Dias,GO
90,Sr. Nathan Moraes,ribeirovitoria@example.com,Aragão do Oeste,PE
91,Dr. Pedro Miguel Teixeira,costelavitor@example.net,da Paz,PB
92,Sra. Camila Alves,liamdas-neves@example.net,Novaes,PA
93,Henry Gabriel Camargo,pcampos@example.org,Silva de da Rocha,PE
94,Sra. Maria Vitória Mendes,dda-cruz@example.net,Gomes,DF
95,Sophia Souza,davi-miguelda-mota@example.com,Viana do Galho,GO
96,João Miguel Silveira,mariana27@example.net,Ferreira de Farias,PI
97,Maria Flor Marques,marcos-vinicius39@example.com,Vasconcelos,PA
98,Liam Souza,zsantos@example.com,Ribeiro Grande,PR
99,Davi Lucas Montenegro,guilherme71@example.net,Albuquerque de Silveira,BA
100,Daniela Barbosa,qviana@example.com,Rezende de Minas,MT
101,Yasmin Garcia,mariah80@example.net,da Costa,RS
102,Laura da Conceição,lopesgael-henrique@example.net,Macedo,CE
103,Sra. Ana Aparecida,daniel45@example.com,Casa Grande de Goiás,PE
104,Emilly Cavalcante,emanuelpimenta@example.com,Monteiro,RJ
105,Igor Martins,maria-clara40@example.com,Rocha da Prata,CE
106,Pedro Miguel Ferreira,lais47@example.com,Gomes,PR
107,Isaac Garcia,ana-carolina40@example.net,da Mota do Sul,RJ
108,Ana Julia Pereira,xda-paz@example.org,Câmara do Oeste,RN
109,Davi Miguel Pires,piresbruno@example.com,Andrade de Pacheco,MS
110,Srta. Ayla da Rocha,kamilly23@example.org,Moura do Galho,GO
111,José Miguel Mendes,camila17@example.org,Sá,ES
112,Maria Laura Novais,fernando60@example.com,Marques,MS
113,Julia Pacheco,xporto@example.org,Melo,AC
114,Lunna Pimenta,davi-lucasporto@example.com,Rezende das Pedras,AM
115,Augusto Andrade,marina11@example.org,Gomes,PB
116,Dr. Eduardo Leão,mendoncajoana@example.com,Sales,MS
117,Pedro Miguel Macedo,eloabrito@example.net,Nogueira da Praia,AL
118,Kamilly Correia,marquesfernando@example.net,Ramos,RS
119,Alícia Aragão,ryan29@example.org,Teixeira,PI
120,Henrique da Conceição,juan90@example.com,Cardoso,PI
121,Erick Camargo,cardosoarthur@example.com,Pastor,MT
122,Erick da Luz,cardosolaura@example.net,Souza,AP
123,Melissa Vasconcelos,olivia91@example.com,Pimenta,AL
124,Dra. Stephany da Rosa,bramos@example.org,Guerra de Lima,RO
125,Samuel Silva,fbarbosa@example.com,Azevedo,BA
126,Yan Silva,giovanna98@example.com,Montenegro de Pereira,PA
127,Danilo Rezende,lorenamachado@example.org,Fernandes dos Dourados,MG
128,Aylla Dias,qdias@example.com,Cassiano do Amparo,AP
129,Bryan Borges,vbrito@example.net,Cardoso da Prata,AL
130,Luísa Rios,jesusdaniela@example.net,Silveira do Norte,MA
131,Luana Fogaça,oliveiranatalia@example.org,Ribeiro,PR
132,Cauê Ferreira,ian49@example.org,Novais da Prata,AC
133,Juliana Alves,yagosampaio@example.com,Ferreira do Sul,CE
134,Murilo Azevedo,bentoborges@example.net,Garcia,PA
135,Manuela Castro,ana-livia59@example.net,Aragão,BA
136,Benicio Rocha,da-mataluisa@example.net,Mendonça dos Dourados,PA
137,Henrique Sá,ferreiralorena@example.org,Rocha Verde,PR
138,Lorena Aparecida,isabelapeixoto@example.org,Costela,MA
139,Davi Miguel Teixeira,amanda51@example.org,Souza de Lopes,CE
140,Mateus Nascimento,melissanovais@example.net,Barbosa das Flores,SC
141,Pedro Henrique Almeida,ubarbosa@example.net,Oliveira das Flores,RR
142,Maria Vitória da Rocha,guerraasafe@example.com,Pinto,PB
143,Sra. Aurora Lopes,da-cruzluiza@example.net,Moura de Minas,MG
144,Lucca Câmara,lucca18@example.net,Moura,PE
145,Luiz Fernando Ferreira,ravycaldeira@example.org,Costa da Serra,RN
146,Breno Cavalcanti,wmartins@example.net,Rodrigues de Nunes,RS
147,Luna Pires,kevin71@example.com,Pires de da Rosa,SE
148,Benjamin Fogaça,das-nevesmaria-eduarda@example.com,Araújo,MS
149,Breno Ramos,pimentanatalia@example.com,Pacheco de Novaes,SE
150,Srta. Milena Oliveira,aurorapereira@example.com,Araújo,PB
151,Luigi Silva,montenegroluiz-felipe@example.org,Santos,PB
152,Valentina Moreira,emanuellafreitas@example.com,Jesus Alegre,RO
153,Ana Júlia Vieira,davi-lucca51@example.net,da Paz Paulista,SC
154,Clarice Farias,pachecojoao-miguel@example.com,Rezende das Flores,BA
155,Antonella das Neves,yramos@example.com,Rios,RR
156,Dra. Valentina Borges,xmoraes@example.org,das Neves da Serra,DF
157,Dr. Gael Câmara,leonardobarbosa@example.com,Montenegro,SP
158,Valentina Andrade,joao96@example.org,Cirino,TO
159,Dra. Eloah Silveira,aaparecida@example.com,Macedo,RN
160,Pietro da Conceição,ana-luizaviana@example.com,Freitas,RO
161,Maysa Martins,giovanna88@example.com,Costa,SE
162,Cecilia da Cunha,ramosmaria-luisa@example.com,Silva,PE
163,João Miguel Barros,yagomachado@example.net,Lopes,AP
164,Rael Ferreira,leaocaue@example.com,da Costa das Flores,AP
165,Sr. Arthur Dias,silvabruna@example.org,Andrade,MA
166,Cecilia Teixeira,nmachado@example.org,Almeida,GO
167,Dom Novaes,xcamargo@example.com,da Rosa,AM
168,Isaque Leão,hazevedo@example.com,Pires,PE
169,Isabella Silva,analima@example.org,da Costa Verde,PA
170,Bryan Moura,davi-luiz88@example.net,Gomes,PR
171,Mathias Freitas,arthur-gabriel51@example.com,Siqueira,RO
172,Bella Vargas,joao-felipe05@example.net,Ramos da Serra,TO
173,Nicole Sampaio,lpires@example.org,Silva,SP
174,Ana Carolina da Rocha,caiovieira@example.org,Dias,MA
175,Maria Laura Nogueira,cda-cunha@example.net,da Paz,MS
176,Lucas da Mata,freitasluiza@example.com,Gomes de Fernandes,CE
177,Sara Freitas,enzo61@example.com,Nogueira,MA
178,Sr. Bruno Duarte,ana-laura79@example.net,Cavalcante dos Dourados,MS
179,Ana Cecília Siqueira,luara40@example.org,Fonseca do Galho,SE
180,Dra. Eduarda Alves,lunaandrade@example.org,da Costa,SP
181,Maria Clara Fonseca,cnunes@example.net,Rocha,PB
182,Dr. Pedro Miguel Teixeira,oliveirajoao-guilherme@example.net,Gonçalves Alegre,RS
183,Josué Camargo,sousamarcelo@example.com,Novais do Campo,GO
184,Pietro Cunha,mariane31@example.org,Machado,CE
185,Sra. Aurora Rodrigues,cecilia18@example.net,da Rosa da Serra,RR
186,Dra. Emanuella Vieira,nicole31@example.org,da Costa,SE
187,Amanda Fonseca,maria-helena82@example.net,Azevedo,MA
188,Pietra Moura,avargas@example.net,Cardoso,MT
189,Ana Sophia Machado,hrodrigues@example.com,Vasconcelos,PI
190,Emilly Vargas,luanamontenegro@example.org,Moreira,BA
191,Enzo Castro,rael58@example.com,da Cunha,DF
192,Kamilly Cardoso,sophie18@example.net,Pastor,RJ
193,Enzo Gabriel Ribeiro,bryan01@example.org,Rezende do Oeste,SP
194,Maria Vitória Pinto,monteirozoe@example.com,Mendes de Goiás,SE
195,Maria Luiza da Rosa,sbarbosa@example.org,Macedo,PA
196,Nicole Costela,joao-pedro55@example.net,Guerra Grande,SP
197,Sr. Liam da Costa,rcampos@example.com,Casa Grande,AM
198,João Vitor Gomes,kda-cruz@example.com,Correia da Serra,PR
199,Nina Monteiro,maysa01@example.com,da Costa de Cunha,RJ
200,Sr. Benicio da Paz,ppeixoto@example.net,da Paz de Nascimento,AC
201,Pedro Carvalho,emanuelly65@example.org,Aragão Verde,PI
202,Luiz Miguel Novaes,diogo68@example.com,Pinto do Campo,BA
203,Matteo Freitas,emanuelly23@example.net,Montenegro do Norte,AL
204,Davi Miguel Silva,maria-julia87@example.org,Duarte,RN
205,Sr. Matteo Pimenta,barbara88@example.net,Santos de Nunes,MA
206,Allana Freitas,henry69@example.com,Peixoto,PR
207,Ian Silveira,pachecomaria-luiza@example.org,Casa Grande de Goiás,AL
208,Brenda Correia,macedoana-sophia@example.com,Jesus,RR
209,Noah Montenegro,usousa@example.org,Moreira,DF
210,Lunna Ribeiro,ymoura@example.com,Marques,PI
211,Dr. João Pimenta,pcorreia@example.com,Câmara da Mata,SP
212,Gustavo Henrique Sales,edias@example.com,da Paz do Campo,RJ
213,Ísis Garcia,xferreira@example.org,Aparecida da Mata,RR
214,Luiz Felipe Macedo,maria-luiza33@example.net,Novais Paulista,BA
215,Isaque da Cruz,riossofia@example.org,Aragão,AM
216,Luísa Silva,rbrito@example.org,Novaes,CE
217,Olívia Mendes,aliciaduarte@example.com,Vargas,AP
218,Isabel Nascimento,cavalcantilara@example.org,Gonçalves,SE
219,Ester Souza,breno04@example.net,Farias,MA
220,Ísis Moura,gcarvalho@example.com,Correia do Campo,MT
221,Raul Ramos,marcelo05@example.com,Cavalcanti,RN
222,Maria Luiza Lima,erick61@example.org,Mendes,MT
223,André da Luz,cda-costa@example.com,da Rosa Verde,SC
224,Alexia da Luz,ravy01@example.com,Castro das Flores,RO
225,Luana Sales,portoana-carolina@example.com,Câmara,BA
226,Daniela Marques,kamilly87@example.net,Teixeira,ES
227,Anna Liz Moura,tmoura@example.com,Nunes,AM
228,Yan Montenegro,stellacassiano@example.org,Moreira dos Dourados,AM
229,Gabrielly Silva,gborges@example.com,Marques,BA
230,Maria Vitória Marques,novaismaria-eduarda@example.net,Silveira do Sul,MG
231,Alexandre Souza,diogoaparecida@example.com,Sampaio de Minas,PI
232,Bernardo Melo,da-pazjulia@example.org,Vargas,RS
233,Dra. Mariah Freitas,ymachado@example.com,Rodrigues,RO
234,Catarina Rezende,isaac28@example.com,Siqueira,ES
235,Antônio da Rosa,urocha@example.net,Nascimento das Flores,TO
236,Josué Marques,leonardo43@example.net,Andrade,SE
237,Mariah Pimenta,da-costanoah@example.org,Peixoto,AL
238,Ana Julia da Cruz,guerraluna@example.org,Sá,SP
239,Davi Miguel Montenegro,ravi-lucca95@example.net,da Costa da Mata,BA
240,Stephany Câmara,rda-rosa@example.org,Pires,RO
241,Sabrina Aragão,giovanna85@example.net,Jesus Grande,MA
242,Ester Sá,oda-costa@example.com,Martins,AL
243,Maria Sophia Leão,hellenada-cruz@example.com,Farias,RS
244,Rael Freitas,nascimentomateus@example.org,Garcia do Norte,AP
245,Henrique Mendes,brendada-rosa@example.org,Correia,SC
246,Rhavi da Cruz,isabellada-costa@example.net,Vasconcelos da Mata,MG
247,Yasmin Rezende,ana-liz45@example.net,Martins de Brito,SE
248,Sra. Luiza Costela,ana-sophia60@example.net,Sousa,BA
249,José Pedro Novaes,jda-rocha@example.org,da Conceição das Flores,RJ
250,Theo Novaes,theo77@example.com,Siqueira,SE
251,Sr. Davi Miguel Silveira,icirino@example.net,Moura,AL
252,Benicio Teixeira,jesusjoao-guilherme@example.net,Azevedo,RR
253,Anthony Cunha,dfreitas@example.net,Ribeiro de Mendonça,AC
254,Vitor Novaes,balbuquerque@example.net,Nascimento da Mata,AC
255,Marina Cavalcanti,britosabrina@example.org,Correia,RN
256,Isis Fogaça,isabella15@example.com,Nunes de da Cruz,RR
257,Kaique Rodrigues,rezendebenicio@example.org,Garcia das Flores,PI
258,Ana Laura Porto,sampaioluigi@example.org,Lopes de Ramos,SE
259,Sr. Vinícius Aparecida,otaviosales@example.net,da Mata de Aparecida,AP
260,Lara Nogueira,cavalcantiana-vitoria@example.org,Pastor,BA
261,Sra. Ana Vitória da Rosa,rodrigonunes@example.com,Gomes Grande,SE
262,Dra. Anna Liz Montenegro,caue16@example.org,Fernandes,RN
263,Maria Laura Vasconcelos,bento47@example.com,Fogaça,PI
264,Marina Cirino,xbarros@example.net,da Cruz de Minas,AP
265,Eduardo Garcia,heloisadias@example.com,Borges,AC
266,Pedro Miguel Fonseca,gustavo21@example.org,Machado da Prata,PI
267,Maria Luísa Caldeira,borgesdaniela@example.net,Peixoto,RN
268,Dr. Anthony Gabriel da Rocha,xgomes@example.org,Oliveira,PE
269,Mateus Cavalcante,vitor-gabrielda-rosa@example.com,Casa Grande de Azevedo,CE
270,Kamilly Leão,maria-sophia15@example.com,Silveira,RS
271,Fernanda Marques,carvalhoana-julia@example.org,Farias das Flores,SE
272,Dr. Lucas Gabriel Lopes,ana-claraduarte@example.net,Mendes,MT
273,Miguel Dias,mariane93@example.com,da Mota das Flores,MS
274,Guilherme Pastor,isisalves@example.net,Santos de Costela,PB
275,Bernardo Vieira,frocha@example.org,da Costa Paulista,RO
276,Otávio Vieira,cbarbosa@example.net,Pacheco de Guerra,PI
277,Mariah Nogueira,vieiraeloah@example.net,Caldeira,SP
278,Luiz Gustavo Cavalcante,nunesisabelly@example.com,Caldeira do Sul,AM
279,Henry Moraes,maitefreitas@example.com,Vargas de Rocha,RJ
280,Dra. Clarice Ferreira,mendesgustavo-henrique@example.com,Barros do Campo,TO
281,Srta. Marcela das Neves,maria-alice38@example.com,Melo do Campo,PB
282,Dra. Milena Dias,da-rosacaio@example.net,Almeida,MT
283,Bianca Rocha,ryanmoreira@example.org,Farias,PI
284,Nicole da Conceição,lpires@example.org,Gonçalves do Sul,SC
285,Fernanda Machado,agomes@example.net,Costela,GO
286,Srta. Bella Nascimento,emanuellyduarte@example.org,Camargo de da Luz,RO
287,Vitória Porto,hellena96@example.net,Ferreira,MS
288,Emanuella Rocha,enzo-gabriel25@example.org,das Neves,AM
289,Marcelo Sales,ninagomes@example.com,Oliveira,MG
290,Ester Mendonça,lucas-gabrielmendonca@example.com,Cirino,MT
291,Ana Júlia Fogaça,mendoncajoao-gabriel@example.org,Novais do Galho,RS
292,Maria Luísa Rodrigues,tleao@example.com,Cavalcante de Barros,RJ
293,Henry da Rocha,da-motarael@example.net,Cavalcante dos Dourados,RJ
294,Sra. Sophia Camargo,da-matayasmin@example.com,Teixeira,SC
295,Ísis Cunha,vcaldeira@example.net,da Rosa,AL
296,Julia Ferreira,macedoisaac@example.org,Sousa,RJ
297,Sra. Mariane Cavalcante,noahcostela@example.org,Nascimento Paulista,RN
298,Eloá Duarte,amanda94@example.net,Carvalho,SP
299,Ana Liz da Mota,joaoda-cruz@example.org,da Cruz das Flores,PR
300,João Felipe Pires,cgarcia@example.org,Guerra,PE
301,Sra. Maria Eduarda Marques,lduarte@example.org,Siqueira,PB
302,Maria Alice Azevedo,bcunha@example.org,da Mata de Duarte,TO
303,Lucca Novaes,maria-vitoriaviana@example.com,Aparecida,AM
304,Natália Almeida,castrolunna@example.com,Lima,DF
305,Srta. Liz Castro,francisco54@example.org,Rios da Serra,AL
306,Lorena Silveira,lizrezende@example.org,Abreu,DF
307,Ana Vitória Cardoso,rafaelarodrigues@example.com,Albuquerque,RR
308,Sr. Otávio Sales,maria-lizbarbosa@example.org,Borges do Campo,AM
309,Dr. Kaique Carvalho,wvasconcelos@example.org,Azevedo,PE
310,Alexia Pimenta,lunnaferreira@example.net,Pires,SC
311,Noah Pimenta,fcunha@example.org,Sá,AM
312,Maria Isis Ferreira,ydias@example.org,da Mota,RS
313,Josué Novaes,benjamim43@example.net,Souza,MG
314,Benjamim Viana,mayagomes@example.org,Monteiro,RS
315,Ana Sophia Moura,fonsecaanna-liz@example.org,Nunes das Pedras,MS
316,Emanuella Teixeira,evargas@example.org,Albuquerque,GO
317,Asafe Araújo,smontenegro@example.net,Lima das Flores,AP
318,Zoe Nascimento,agathabarros@example.com,Moraes,DF
319,Vitor Gabriel Duarte,opastor@example.net,das Neves,RR
320,Isabella Araújo,ericklopes@example.org,Pimenta de Pereira,AL
321,Erick Campos,santosjoao-guilherme@example.net,Castro,PR
322,Dr. Enzo Freitas,vitor-gabrielsiqueira@example.org,Farias,SE
323,Júlia Moura,da-luzeduardo@example.com,Moraes de Fonseca,AL
324,Eloah Freitas,thomasvargas@example.org,da Conceição,SC
325,Agatha Aparecida,da-cruzcaleb@example.com,Gomes Grande,CE
326,Yuri Silva,ucamara@example.org,Silveira Alegre,GO
327,Marcelo Campos,cavalcantipietro@example.net,Guerra,AP
328,Larissa Vasconcelos,beatriz18@example.com,Freitas,DF
329,Kevin Sousa,maria-fernandafreitas@example.net,Vargas de Vasconcelos,DF
330,Dra. Isabelly Cassiano,jesusbenicio@example.org,Porto do Sul,MT
331,Marcos Vinicius Sousa,gustavo-henrique38@example.org,Mendonça do Norte,BA
332,Sra. Ayla Aparecida,raqueljesus@example.net,Marques de Minas,RJ
333,Thiago Carvalho,lbarbosa@example.net,Lopes,RO
334,Isaac da Rocha,ana-vitoria65@example.com,da Mata de da Conceição,AP
335,Davi Luiz Vasconcelos,cassianoheitor@example.org,Martins de Dias,PA
336,Vitor Gabriel Fogaça,marceladas-neves@example.com,Campos de Minas,CE
337,Liz Santos,cunhabeatriz@example.org,Silva,ES
338,Dr. Théo Aragão,vicente20@example.com,Novais de Souza,PI
339,Calebe Martins,vieirajoao-lucas@example.org,Araújo,TO
340,Davi Lucca Costa,rfreitas@example.net,Pacheco,RJ
341,Breno Almeida,costalivia@example.org,Farias,AM
342,Ravi Aragão,luanasilveira@example.com,Alves de Garcia,RO
343,Emanuella Fogaça,marceloda-mota@example.com,Cassiano de Andrade,RN
344,Isabelly Ramos,melina68@example.com,Borges,GO
345,Cecilia Leão,sarada-cruz@example.net,Garcia,SE
346,Sra. Pietra Nogueira,kferreira@example.net,Gomes Paulista,CE
347,Liam Peixoto,bentovasconcelos@example.com,Melo,PE
348,Sr. Emanuel Brito,rodrigoda-mata@example.net,Teixeira,ES
349,Maria Julia Fogaça,luiz-gustavoda-costa@example.net,Sousa da Praia,RJ
350,Luiz Gustavo Nunes,marcos-viniciusmonteiro@example.net,Cavalcanti do Amparo,AL
351,Benjamin da Conceição,asafemoura@example.com,Farias,RN
352,Davi Lucca Fernandes,aylaaraujo@example.org,Pastor,RR
353,Daniel Moura,diogo56@example.net,Fernandes,MA
354,Sr. Emanuel Siqueira,ovieira@example.com,Cavalcanti da Prata,RR
355,Maria Alice Câmara,gabrieladas-neves@example.net,Cardoso da Serra,SC
356,Matteo Vargas,cirinoanna-liz@example.net,Porto,RJ
357,Theo Casa Grande,eduardo35@example.com,Porto,AP
358,Dra. Lívia Machado,da-luzotto@example.org,Ferreira,GO
359,Alexandre Aragão,umacedo@example.com,Jesus,PR
360,Marcela Nogueira,ebrito@example.net,Castro,PB
361,Arthur Gabriel da Rocha,diasvicente@example.org,Fernandes,CE
362,Elisa Siqueira,novaesfrancisco@example.com,Santos de Alves,PA
363,Eloah Pereira,dcastro@example.org,Costela do Oeste,PA
364,Dra. Ágatha da Luz,ana-cecilia31@example.org,Oliveira da Prata,TO
365,Daniela Aragão,andre61@example.com,Costa de Brito,AC
366,Enzo Gabriel Porto,enrico71@example.com,Melo do Amparo,RO
367,Caleb Ramos,xcirino@example.com,Cirino dos Dourados,AL
368,Pedro Lucas Martins,rael49@example.org,Sá,RR
369,Aylla Barros,vitoria69@example.org,Gomes,TO
370,Mariah Nascimento,poliveira@example.com,Barros das Flores,RR
371,Theodoro Oliveira,isaquesa@example.com,Cavalcante,DF
372,Davi Lucas Aparecida,rbarros@example.com,Pires,BA
373,Joana Dias,borgeshellena@example.net,Novaes Alegre,GO
374,Natália Albuquerque,acamargo@example.org,Nunes,RJ
375,Beatriz Caldeira,vianaallana@example.net,Jesus Paulista,MG
376,Raquel Oliveira,landrade@example.com,Casa Grande das Flores,AL
377,Luísa Sales,carlos-eduardosouza@example.com,Freitas do Sul,MT
378,Leonardo da Mota,rsampaio@example.org,Carvalho,MA
379,Sra. Luna da Mata,ppereira@example.org,Macedo,DF
380,Raquel Teixeira,daniel82@example.org,Santos do Galho,MG
381,Vinicius Nunes,cavalcantimatheus@example.org,da Cruz,AL
382,Ana Julia Fonseca,yanfreitas@example.com,Porto do Campo,RO
383,Isaque Freitas,cpeixoto@example.org,Pastor de Novaes,MS
384,Sr. José Pedro Souza,da-pazbenjamin@example.com,Castro,RJ
385,Henry Ramos,noahda-mata@example.net,Moraes do Sul,SP
386,Alexia Melo,luiz-felipepeixoto@example.org,da Cunha,RN
387,João Guilherme Lima,dferreira@example.com,Martins,MA
388,Stephany Pinto,gpacheco@example.org,Novais da Mata,MA
389,Bianca Mendes,fernandesyuri@example.net,da Mota Paulista,RS
390,Dra. Letícia Correia,pietrateixeira@example.org,Peixoto,MG
391,Luiza Rodrigues,benjamimrezende@example.com,da Luz das Pedras,MG
392,Ana Carolina Pacheco,carolinesilveira@example.net,Rodrigues,PI
393,Olívia Rios,natalia42@example.net,da Rocha,AM
394,Carolina Sousa,luiz-otavio51@example.org,Câmara da Mata,PA
395,Dr. José Pedro Pacheco,maria-fernanda17@example.org,Melo,DF
396,Bárbara Rodrigues,tmoura@example.com,Cassiano,BA
397,Luigi Jesus,ucasa-grande@example.net,Vasconcelos,AP
398,Lívia Pires,ana-sophiaporto@example.org,Machado,GO
399,Enzo Gabriel Oliveira,marianaviana@example.org,Pimenta,PA
400,Mariane Guerra,ymendes@example.org,Nascimento,DF
401,Sra. Alice Duarte,arthur-miguelrocha@example.org,Câmara,RR
402,Dr. Davi Lucca Caldeira,lmontenegro@example.com,Azevedo,TO
403,Kaique da Rocha,hsiqueira@example.net,Lopes Grande,MT
404,Maria Alice Sá,lucasguerra@example.org,Câmara,SC
405,Heitor Siqueira,pastormirella@example.org,Fonseca,RR
406,Ana Carolina Garcia,sophie90@example.net,Ribeiro,AM
407,Alícia Aragão,leaolivia@example.com,Novaes,GO
408,Daniela Costela,da-rosalaura@example.net,Ribeiro,PE
409,Davi Miguel Leão,moraesisaac@example.com,Viana,AM
410,Fernanda Pereira,viniciusmoreira@example.org,Santos das Pedras,MA
411,Asafe Novaes,scostela@example.com,da Costa do Sul,AC
412,Aurora Camargo,fcassiano@example.net,Silveira,SC
413,José Miguel Ramos,maria-aliceda-rocha@example.com,Aragão de Brito,TO
414,Asafe da Rocha,ana-sophia61@example.org,Albuquerque,BA
415,Eloá Farias,luna94@example.net,Freitas,TO
416,Sr. Danilo Guerra,rmarques@example.com,Leão de Rezende,SE
417,Daniel Cardoso,castrogustavo-henrique@example.com,Nunes de Rocha,PB
418,Mateus Vasconcelos,benjamin27@example.com,Jesus,PB
419,Benício da Luz,apollo89@example.net,Rios,MT
420,Stephany Sales,lopestheo@example.com,Ribeiro das Flores,BA
421,Ana Júlia Albuquerque,mirellamelo@example.com,Barbosa,SP
422,Luna da Costa,agatha08@example.org,Guerra de Goiás,AP
423,Melina Oliveira,fborges@example.com,Campos do Amparo,SC
424,Allana Caldeira,cjesus@example.net,Borges,SE
425,Liz Moraes,maria-alicefernandes@example.com,Câmara,PB
426,Dr. Luiz Otávio Silva,gcamargo@example.net,Abreu,MT
427,Dr. Yan Moreira,heitor02@example.com,Silva,SC
428,Sra. Bianca da Cunha,marcos-viniciuscampos@example.com,Marques,TO
429,Lucca Caldeira,oaparecida@example.net,Vargas,PB
430,Sofia Carvalho,habreu@example.net,Novaes,PA
431,Rafaela Moraes,luiz-felipesiqueira@example.org,Gomes,RO
432,Luna Montenegro,mleao@example.net,da Mota,MG
433,Dr. Rael Carvalho,juliapereira@example.net,Sampaio da Prata,MT
434,Dra. Helena Costa,amandarodrigues@example.com,Santos,RS
435,Theodoro Nogueira,igor58@example.com,Rocha da Prata,MA
436,Alice Moreira,alvesgiovanna@example.org,Rios,AL
437,João Felipe Sá,allanarodrigues@example.com,Araújo,RR
438,Gustavo Sá,fogacamarcela@example.org,Souza,RS
439,Maria Julia da Costa,calebe66@example.com,Novaes do Norte,AC
440,Sra. Gabriela Pinto,ocamara@example.net,Sá Verde,PI
441,Dra. Fernanda Vasconcelos,ana-beatrizmachado@example.org,Cirino,CE
442,Dra. Bárbara Garcia,limaagatha@example.net,Cardoso da Serra,RJ
443,André Farias,jsantos@example.org,Duarte,RN
444,Kevin Mendonça,diogo58@example.org,Moreira,AP
445,Eduarda Leão,wborges@example.org,Ribeiro,MT
446,Dr. Juan Cunha,wnovais@example.net,Camargo,RO
447,Dr. Isaque Ramos,brunorodrigues@example.com,Vieira do Campo,MG
448,Vitor Hugo Silveira,benicio85@example.net,Mendonça de Aparecida,MA
449,Evelyn Duarte,britolucas-gabriel@example.net,Pires,AP
450,Heitor Rodrigues,ncaldeira@example.net,Ramos de Minas,SC
451,Daniela Alves,vsilva@example.org,Barbosa,AL
452,José Novais,oliveirarafael@example.com,Gomes dos Dourados,RS
453,Marina Dias,gomesisaac@example.net,Ramos,SC
454,Ana Luiza Sá,sampaiodiogo@example.com,da Rocha,SE
455,Liz Pereira,da-pazluna@example.com,Ribeiro do Sul,PR
456,Vitor Câmara,heloisavieira@example.net,Porto Grande,MA
457,Maria Fernanda Albuquerque,josueaparecida@example.org,Nascimento da Prata,AP
458,Gustavo Henrique Souza,otavio68@example.org,Cirino,ES
459,Isis Correia,cirinocaue@example.net,Ramos de Novaes,AP
460,Bernardo da Cunha,costamariah@example.com,Cardoso de Goiás,AM
461,Bernardo Correia,maria-vitoria75@example.net,Sales Verde,BA
462,Maria Clara Dias,acavalcante@example.com,Viana,ES
463,Dra. Maya da Mota,joao-felipe57@example.com,Fogaça de Vasconcelos,MA
464,Bianca Cavalcanti,da-motajoao-lucas@example.net,da Luz,SC
465,Ana Vitória Siqueira,almeidanatalia@example.net,Pacheco,RJ
466,Hadassa Andrade,yasmin87@example.net,Fonseca,MG
467,João Vitor Carvalho,gmontenegro@example.org,Fonseca do Galho,AC
468,Isabella Pimenta,oliviacarvalho@example.com,Cavalcanti,RJ
469,Clara Sousa,cfogaca@example.org,da Conceição de Azevedo,GO
470,Sr. Asafe Rios,rafaelavieira@example.com,Melo dos Dourados,AL
471,Lorenzo Caldeira,vinicius98@example.net,Garcia,RS
472,Maria Clara Pastor,moreiratheodoro@example.com,Moreira,MG
473,Dr. Ryan Vieira,apereira@example.net,Macedo,CE
474,Breno Moraes,otavio22@example.org,Pereira do Campo,RO
475,Oliver Farias,mendesmaria-luiza@example.com,Pastor,CE
476,Maria Sophia Almeida,caiocardoso@example.net,Carvalho,RS
477,Ana Cecília Oliveira,danielcavalcante@example.com,Moreira,MG
478,Allana Silveira,enzo-gabriel37@example.net,Mendes de Cavalcante,ES
479,Cecília Vieira,ninada-luz@example.org,Marques Verde,AP
480,Marcos Vinicius Gomes,henriquealmeida@example.org,Cassiano do Campo,CE
481,Ana Carolina Viana,borgesmaria-luisa@example.net,Pereira,PI
482,Pedro Moreira,cfreitas@example.net,da Conceição do Amparo,SE
483,Marcela Pastor,limajoao-felipe@example.com,Vargas de da Conceição,AP
484,Yago Jesus,marcos-vinicius00@example.net,Moreira,AC
485,Gabrielly Sales,julia51@example.org,Rezende Verde,GO
486,Vitor Gabriel Lima,yuri63@example.com,Cavalcanti de Freitas,PI
487,Rafaela da Cunha,catarina62@example.net,Souza,ES
488,Elisa Brito,nicoleguerra@example.com,Castro,MG
489,Alana Borges,maria-juliapeixoto@example.com,Azevedo,GO
490,Léo Barros,silveirahadassa@example.com,Silva do Norte,SP
491,Thales Macedo,costarafaela@example.com,Andrade,SE
492,Sophia Moreira,luccarocha@example.org,da Costa do Sul,CE
493,João Guilherme Vasconcelos,qfogaca@example.com,Pastor do Oeste,PE
494,Bernardo Borges,cecilia54@example.org,Marques,MG
495,Alana da Luz,joanamontenegro@example.org,Montenegro,MA
496,Sr. Théo da Cunha,luisa69@example.com,Sá,MT
497,Natália Pastor,mendesigor@example.com,Garcia,RS
498,Ian Dias,hfogaca@example.net,Sampaio,TO
499,Josué da Paz,guerracaroline@example.org,Melo,MT
500,Sr. João Felipe Cirino,melinasousa@example.org,Sousa,ES
