id_venda,id_cliente,id_produto,id_loja,data_venda,quantidade,valor_unitario,valor_total
1,428,16,10,2022-06-13,4,1657.58,6630.32
2,260,19,4,2022-12-15,3,2437.82,7313.46
3,401,19,4,2022-06-09,2,2437.82,4875.64
4,454,20,4,2022-12-11,1,69.17,69.17
5,180,18,4,2022-04-05,4,1788.33,7153.32
6,49,15,2,2022-04-10,3,1967.16,5901.48
7,123,20,8,2022-12-19,5,69.17,345.85
8,78,10,7,2022-09-28,1,137.9,137.9
9,53,2,2,2023-04-16,5,123.78,618.9
10,403,9,3,2022-05-08,4,1294.67,5178.68
11,96,1,10,2022-03-22,5,1936.31,9681.55
12,238,11,1,2022-10-28,5,694.98,3474.9
13,421,2,7,2023-01-06,5,123.78,618.9
14,320,9,3,2022-07-16,1,1294.67,1294.67
15,145,19,2,2022-02-16,2,2437.82,4875.64
16,196,8,2,2022-10-24,1,306.47,306.47
17,95,7,5,2022-08-27,1,2681.93,2681.93
18,252,12,1,2023-01-25,3,1540.8,4622.4
19,255,13,1,2023-04-10,3,128.28,384.84
20,201,5,10,2022-06-16,3,2222.59,6667.77
21,83,16,2,2022-12-30,2,1657.58,3315.16
22,195,3,4,2023-11-18,3,861.34,2584.02
23,137,20,9,2023-12-20,1,69.17,69.17
24,159,19,5,2023-09-16,2,2437.82,4875.64
25,129,9,6,2023-07-01,2,1294.67,2589.34
26,214,5,6,2022-06-17,4,2222.59,8890.36
27,248,8,1,2023-01-24,3,306.47,919.41
28,13,13,7,2023-10-18,5,128.28,641.4
29,126,10,1,2022-08-13,3,137.9,413.7
30,354,7,7,2022-02-27,2,2681.93,5363.86
31,319,15,1,2022-02-02,3,1967.16,5901.48
32,180,6,6,2023-02-15,3,2046.26,6138.78
33,198,19,1,2022-03-09,2,2437.82,4875.64
34,35,20,8,2023-08-04,3,69.17,207.51
35,368,19,2,2022-08-06,4,2437.82,9751.28
36,86,4,10,2023-02-10,4,708.47,2833.88
37,166,13,5,2022-05-27,3,128.28,384.84
38,444,18,1,2022-05-23,2,1788.33,3576.66
39,115,11,1,2023-07-29,5,694.98,3474.9
40,236,15,6,2022-09-27,5,1967.16,9835.8
41,424,17,7,2023-03-15,5,700.3,3501.5
42,384,13,7,2023-02-13,3,128.28,384.84
43,328,10,10,2022-08-13,2,137.9,275.8
44,219,11,1,2023-06-06,4,694.98,2779.92
45,172,17,8,2022-04-04,1,700.3,700.3
46,21,7,8,2022-04-23,2,2681.93,5363.86
47,319,14,2,2023-10-05,2,636.57,1273.14
48,351,9,3,2023-11-28,4,1294.67,5178.68
49,75,1,2,2023-09-03,1,1936.31,1936.31
50,374,10,3,2023-01-30,4,137.9,551.6
51,180,14,6,2023-09-03,4,636.57,2546.28
52,270,15,3,2023-06-26,3,1967.16,5901.48
53,415,14,10,2023-07-21,1,636.57,636.57
54,177,11,4,2023-11-28,1,694.98,694.98
55,429,18,7,2023-11-30,5,1788.33,8941.65
56,460,5,7,2022-10-01,3,2222.59,6667.77
57,423,6,2,2022-04-25,3,2046.26,6138.78
58,373,15,2,2023-03-22,2,1967.16,3934.32
59,431,14,9,2023-04-10,1,636.57,636.57
60,405,12,3,2022-09-27,5,1540.8,7704.0
61,413,20,1,2022-07-02,5,69.17,345.85
62,286,8,7,2022-04-19,3,306.47,919.41
63,133,15,1,2023-10-17,5,1967.16,9835.8
64,206,8,9,2023-09-16,2,306.47,612.94
65,485,14,6,2022-06-06,3,636.57,1909.71
66,124,18,8,2022-06-15,5,1788.33,8941.65
67,51,2,5,2023-06-28,1,123.78,123.78
68,253,1,2,2023-09-06,3,1936.31,5808.93
69,142,3,1,2023-05-16,1,861.34,861.34
70,9,8,9,2022-04-25,3,306.47,919.41
71,162,6,2,2022-11-11,2,2046.26,4092.52
72,288,14,6,2022-03-01,2,636.57,1273.14
73,252,10,4,2023-08-04,1,137.9,137.9
74,177,2,3,2022-03-29,4,123.78,495.12
75,186,18,9,2022-03-12,5,1788.33,8941.65
76,99,10,2,2022-05-09,2,137.9,275.8
77,310,13,5,2023-11-07,4,128.28,513.12
78,470,12,4,2023-07-17,2,1540.8,3081.6
79,190,3,6,2022-09-29,5,861.34,4306.7
80,389,7,7,2023-09-14,4,2681.93,10727.72
81,188,11,10,2022-08-05,5,694.98,3474.9
82,322,18,10,2023-12-08,2,1788.33,3576.66
83,466,18,4,2024-01-01,3,1788.33,5364.99
84,141,19,8,2023-02-13,3,2437.82,7313.46
85,86,13,10,2023-03-25,5,128.28,641.4
86,447,18,5,2023-04-08,1,1788.33,1788.33
87,26,4,8,2022-09-11,2,708.47,1416.94
88,143,18,3,2022-03-07,3,1788.33,5364.99
89,23,3,10,2022-01-22,5,861.34,4306.7
90,79,4,3,2023-07-22,2,708.47,1416.94
91,317,19,1,2023-08-26,2,2437.82,4875.64
92,226,6,2,2022-01-08,1,2046.26,2046.26
93,479,11,5,2023-12-26,1,694.98,694.98
94,315,5,7,2022-08-23,1,2222.59,2222.59
95,14,11,7,2022-02-02,3,694.98,2084.94
96,308,16,9,2022-03-14,5,1657.58,8287.9
97,41,11,6,2022-09-01,3,694.98,2084.94
98,89,5,8,2023-11-17,4,2222.59,8890.36
99,288,7,2,2022-08-08,5,2681.93,13409.65
100,56,6,1,2022-05-16,5,2046.26,10231.3
101,240,17,2,2023-08-14,4,700.3,2801.2
102,171,8,3,2022-09-06,4,306.47,1225.88
103,203,18,6,2023-02-21,2,1788.33,3576.66
104,291,5,9,2022-04-07,1,2222.59,2222.59
105,309,5,8,2023-11-06,4,2222.59,8890.36
106,79,2,1,2022-12-29,4,123.78,495.12
107,335,17,8,2023-02-25,4,700.3,2801.2
108,425,5,3,2022-02-25,1,2222.59,2222.59
109,299,8,6,2022-03-04,4,306.47,1225.88
110,424,12,2,2022-12-14,1,1540.8,1540.8
111,431,17,5,2022-09-12,2,700.3,1400.6
112,480,9,9,2022-07-14,5,1294.67,6473.35
113,249,5,1,2023-04-05,2,2222.59,4445.18
114,97,11,8,2023-03-09,2,694.98,1389.96
115,370,9,8,2022-10-13,4,1294.67,5178.68
116,9,19,8,2022-09-13,1,2437.82,2437.82
117,223,10,10,2023-03-30,5,137.9,689.5
118,246,3,9,2022-04-11,1,861.34,861.34
119,173,20,3,2023-10-30,5,69.17,345.85
120,392,7,2,2022-01-16,1,2681.93,2681.93
121,286,7,1,2022-08-31,2,2681.93,5363.86
122,188,8,8,2023-02-21,4,306.47,1225.88
123,320,3,4,2023-05-08,2,861.34,1722.68
124,314,10,5,2023-02-15,1,137.9,137.9
125,10,18,7,2022-06-18,4,1788.33,7153.32
126,359,4,1,2022-01-03,4,708.47,2833.88
127,116,16,9,2022-09-29,4,1657.58,6630.32
128,135,14,2,2022-10-20,4,636.57,2546.28
129,143,20,9,2023-12-15,5,69.17,345.85
130,155,20,4,2023-11-09,4,69.17,276.68
131,254,11,6,2022-06-08,2,694.98,1389.96
132,378,1,10,2022-10-31,2,1936.31,3872.62
133,12,3,8,2022-03-01,5,861.34,4306.7
134,142,1,1,2023-07-10,1,1936.31,1936.31
135,251,12,8,2022-11-18,1,1540.8,1540.8
136,340,10,8,2022-02-21,5,137.9,689.5
137,153,17,3,2023-05-04,5,700.3,3501.5
138,120,8,2,2023-06-28,2,306.47,612.94
139,291,1,4,2022-02-28,5,1936.31,9681.55
140,331,16,2,2022-03-24,2,1657.58,3315.16
141,118,1,8,2022-03-12,5,1936.31,9681.55
142,299,10,1,2022-03-11,2,137.9,275.8
143,89,6,7,2023-02-18,1,2046.26,2046.26
144,132,18,5,2023-08-07,2,1788.33,3576.66
145,158,5,6,2023-08-16,5,2222.59,11112.95
146,76,5,5,2022-02-10,5,2222.59,11112.95
147,2,11,6,2022-03-25,4,694.98,2779.92
148,346,10,2,2023-11-05,5,137.9,689.5
149,461,16,4,2023-08-02,5,1657.58,8287.9
150,463,9,9,2022-11-20,3,1294.67,3884.01
151,286,20,5,2022-07-29,3,69.17,207.51
152,479,11,3,2022-09-02,3,694.98,2084.94
153,423,3,6,2023-02-10,2,861.34,1722.68
154,385,8,3,2023-11-19,3,306.47,919.41
155,32,20,2,2023-04-14,3,69.17,207.51
156,142,17,6,2022-03-16,1,700.3,700.3
157,43,1,3,2023-04-15,5,1936.31,9681.55
158,62,5,1,2023-07-31,1,2222.59,2222.59
159,301,3,1,2022-03-17,5,861.34,4306.7
160,92,7,7,2022-08-07,5,2681.93,13409.65
161,155,17,4,2022-09-29,2,700.3,1400.6
162,445,20,1,2022-12-24,1,69.17,69.17
163,479,7,7,2022-09-08,3,2681.93,8045.79
164,431,3,3,2022-10-19,2,861.34,1722.68
165,202,6,1,2023-03-25,5,2046.26,10231.3
166,384,8,3,2023-12-22,3,306.47,919.41
167,453,16,6,2023-09-19,5,1657.58,8287.9
168,464,9,8,2022-01-09,5,1294.67,6473.35
169,345,11,3,2022-11-03,1,694.98,694.98
170,216,5,3,2022-05-18,3,2222.59,6667.77
171,68,11,3,2022-04-29,1,694.98,694.98
172,309,19,3,2023-07-21,2,2437.82,4875.64
173,75,4,10,2022-10-06,3,708.47,2125.41
174,190,9,6,2023-09-12,2,1294.67,2589.34
175,126,5,8,2022-12-18,2,2222.59,4445.18
176,217,6,2,2023-12-05,3,2046.26,6138.78
177,408,9,4,2023-06-02,4,1294.67,5178.68
178,375,11,7,2022-09-15,1,694.98,694.98
179,337,6,9,2022-04-05,4,2046.26,8185.04
180,339,5,4,2022-10-11,1,2222.59,2222.59
181,406,9,8,2022-01-04,3,1294.67,3884.01
182,338,10,4,2022-05-14,3,137.9,413.7
183,451,20,6,2022-06-15,4,69.17,276.68
184,215,15,1,2023-07-19,4,1967.16,7868.64
185,322,3,8,2023-07-29,1,861.34,861.34
186,367,18,5,2022-04-25,1,1788.33,1788.33
187,104,10,4,2023-12-09,2,137.9,275.8
188,105,17,3,2023-07-13,1,700.3,700.3
189,480,9,5,2023-01-14,5,1294.67,6473.35
190,179,5,10,2023-07-20,2,2222.59,4445.18
191,260,7,6,2023-03-17,2,2681.93,5363.86
192,33,14,6,2022-02-12,3,636.57,1909.71
193,1,19,7,2023-01-09,1,2437.82,2437.82
194,101,11,1,2023-01-02,2,694.98,1389.96
195,426,14,9,2023-11-30,2,636.57,1273.14
196,405,9,8,2023-11-14,1,1294.67,1294.67
197,84,8,9,2022-12-29,5,306.47,1532.35
198,75,6,4,2023-02-21,5,2046.26,10231.3
199,28,2,7,2022-06-08,2,123.78,247.56
200,362,6,5,2022-06-16,2,2046.26,4092.52
201,137,18,4,2023-02-27,1,1788.33,1788.33
202,390,4,3,2022-07-03,3,708.47,2125.41
203,137,5,10,2023-02-26,2,2222.59,4445.18
204,273,5,1,2022-10-01,2,2222.59,4445.18
205,233,11,6,2023-12-20,1,694.98,694.98
206,344,2,3,2023-01-27,1,123.78,123.78
207,136,3,1,2023-04-27,2,861.34,1722.68
208,312,20,4,2022-07-24,4,69.17,276.68
209,169,11,2,2022-12-25,3,694.98,2084.94
210,140,14,6,2022-08-22,2,636.57,1273.14
211,256,19,3,2022-01-25,2,2437.82,4875.64
212,489,1,5,2023-02-13,3,1936.31,5808.93
213,17,15,8,2022-10-13,1,1967.16,1967.16
214,414,19,5,2022-10-13,3,2437.82,7313.46
215,352,8,5,2023-10-19,5,306.47,1532.35
216,70,10,5,2023-02-14,5,137.9,689.5
217,107,8,4,2022-12-06,1,306.47,306.47
218,396,15,8,2022-04-29,3,1967.16,5901.48
219,327,16,5,2022-07-02,5,1657.58,8287.9
220,155,19,1,2022-09-29,1,2437.82,2437.82
221,403,4,6,2022-04-22,5,708.47,3542.35
222,315,11,10,2023-03-21,3,694.98,2084.94
223,129,16,9,2022-11-18,4,1657.58,6630.32
224,59,3,8,2023-09-13,5,861.34,4306.7
225,271,12,2,2022-04-29,4,1540.8,6163.2
226,321,12,10,2023-08-14,2,1540.8,3081.6
227,115,9,3,2022-09-18,1,1294.67,1294.67
228,184,1,8,2023-12-27,4,1936.31,7745.24
229,175,9,8,2022-01-02,5,1294.67,6473.35
230,49,19,7,2023-07-06,2,2437.82,4875.64
231,26,6,3,2023-01-08,4,2046.26,8185.04
232,57,20,1,2022-03-13,3,69.17,207.51
233,178,1,4,2023-10-01,3,1936.31,5808.93
234,178,6,5,2023-11-11,1,2046.26,2046.26
235,447,18,7,2022-11-04,5,1788.33,8941.65
236,405,11,1,2022-11-13,4,694.98,2779.92
237,214,4,2,2022-12-01,4,708.47,2833.88
238,182,4,2,2023-12-15,3,708.47,2125.41
239,308,20,3,2023-07-22,2,69.17,138.34
240,34,2,1,2022-07-16,4,123.78,495.12
241,440,1,4,2023-11-12,4,1936.31,7745.24
242,16,3,1,2023-11-25,2,861.34,1722.68
243,461,6,8,2023-09-23,5,2046.26,10231.3
244,269,6,9,2022-11-05,4,2046.26,8185.04
245,125,1,5,2023-07-16,1,1936.31,1936.31
246,389,1,6,2022-11-08,3,1936.31,5808.93
247,263,3,1,2022-08-04,4,861.34,3445.36
248,455,14,7,2023-08-17,5,636.57,3182.85
249,122,11,9,2023-11-02,3,694.98,2084.94
250,235,1,4,2023-04-22,4,1936.31,7745.24
251,410,6,6,2023-03-29,2,2046.26,4092.52
252,490,18,3,2023-06-08,4,1788.33,7153.32
253,151,12,10,2022-06-23,1,1540.8,1540.8
254,227,8,7,2022-10-18,5,306.47,1532.35
255,263,13,6,2023-11-11,5,128.28,641.4
256,231,7,5,2022-12-10,1,2681.93,2681.93
257,36,2,4,2022-08-29,3,123.78,371.34
258,287,7,5,2022-08-19,2,2681.93,5363.86
259,499,17,10,2022-05-31,1,700.3,700.3
260,366,13,5,2022-02-17,2,128.28,256.56
261,257,5,3,2023-05-02,5,2222.59,11112.95
262,300,4,9,2022-03-16,4,708.47,2833.88
263,476,11,4,2023-03-01,5,694.98,3474.9
264,401,16,9,2022-07-19,4,1657.58,6630.32
265,154,10,7,2023-05-22,4,137.9,551.6
266,444,10,5,2022-09-07,2,137.9,275.8
267,207,14,3,2023-11-03,1,636.57,636.57
268,160,5,8,2022-04-20,4,2222.59,8890.36
269,473,17,4,2022-08-13,2,700.3,1400.6
270,192,15,10,2023-12-14,5,1967.16,9835.8
271,155,4,3,2023-04-21,1,708.47,708.47
272,450,1,2,2023-07-25,2,1936.31,3872.62
273,151,19,6,2022-05-05,4,2437.82,9751.28
274,391,20,9,2022-05-17,4,69.17,276.68
275,498,9,2,2023-11-15,5,1294.67,6473.35
276,48,10,5,2023-07-27,5,137.9,689.5
277,500,15,3,2022-11-21,4,1967.16,7868.64
278,309,18,7,2023-09-20,5,1788.33,8941.65
279,471,20,1,2023-03-13,5,69.17,345.85
280,220,10,9,2023-04-02,2,137.9,275.8
281,224,8,7,2023-05-02,4,306.47,1225.88
282,293,4,2,2022-09-23,2,708.47,1416.94
283,479,15,8,2023-10-15,3,1967.16,5901.48
284,100,3,9,2023-06-18,4,861.34,3445.36
285,391,8,7,2023-10-04,2,306.47,612.94
286,416,20,9,2022-10-09,4,69.17,276.68
287,401,7,8,2022-03-21,3,2681.93,8045.79
288,192,10,4,2022-08-29,3,137.9,413.7
289,239,14,10,2022-12-10,3,636.57,1909.71
290,486,13,9,2023-07-08,1,128.28,128.28
291,183,19,6,2022-05-22,2,2437.82,4875.64
292,336,13,10,2022-08-25,4,128.28,513.12
293,459,2,9,2023-12-12,2,123.78,247.56
294,99,11,10,2023-12-25,2,694.98,1389.96
295,37,14,3,2022-03-07,4,636.57,2546.28
296,397,20,1,2023-02-22,3,69.17,207.51
297,267,6,9,2023-07-10,4,2046.26,8185.04
298,54,18,1,2023-03-02,1,1788.33,1788.33
299,34,17,8,2022-07-31,4,700.3,2801.2
300,102,8,8,2023-02-03,5,306.47,1532.35
301,219,17,3,2023-12-14,1,700.3,700.3
302,311,12,7,2023-08-13,4,1540.8,6163.2
303,140,15,3,2023-05-04,1,1967.16,1967.16
304,400,10,5,2022-12-27,3,137.9,413.7
305,390,14,5,2023-02-04,4,636.57,2546.28
306,163,15,9,2023-07-06,5,1967.16,9835.8
307,198,13,9,2023-09-10,2,128.28,256.56
308,93,4,4,2023-05-15,2,708.47,1416.94
309,439,12,1,2022-10-07,4,1540.8,6163.2
310,452,18,8,2023-05-13,1,1788.33,1788.33
311,169,13,1,2023-02-03,3,128.28,384.84
312,450,17,6,2023-11-16,4,700.3,2801.2
313,199,20,4,2022-06-19,4,69.17,276.68
314,18,20,9,2022-05-11,5,69.17,345.85
315,273,14,8,2023-07-01,1,636.57,636.57
316,13,16,4,2023-02-08,5,1657.58,8287.9
317,442,4,8,2023-08-01,1,708.47,708.47
318,236,7,9,2022-03-27,4,2681.93,10727.72
319,125,4,8,2022-05-19,4,708.47,2833.88
320,63,18,3,2022-07-06,1,1788.33,1788.33
321,4,12,9,2022-09-24,4,1540.8,6163.2
322,492,2,10,2022-12-02,2,123.78,247.56
323,156,3,4,2023-04-11,3,861.34,2584.02
324,24,9,2,2022-12-12,4,1294.67,5178.68
325,438,17,3,2022-10-12,4,700.3,2801.2
326,135,17,2,2022-09-16,1,700.3,700.3
327,228,3,7,2023-04-27,1,861.34,861.34
328,61,1,10,2023-07-07,1,1936.31,1936.31
329,44,2,1,2022-12-25,2,123.78,247.56
330,500,8,7,2023-10-28,1,306.47,306.47
331,434,19,2,2023-10-30,1,2437.82,2437.82
332,160,8,9,2022-02-01,2,306.47,612.94
333,341,17,4,2022-07-24,1,700.3,700.3
334,74,7,1,2023-09-29,2,2681.93,5363.86
335,268,9,1,2022-09-02,2,1294.67,2589.34
336,187,10,10,2023-04-30,1,137.9,137.9
337,319,7,1,2023-08-01,2,2681.93,5363.86
338,286,8,2,2023-04-22,3,306.47,919.41
339,285,16,2,2023-01-13,2,1657.58,3315.16
340,211,16,7,2023-09-13,5,1657.58,8287.9
341,177,20,5,2022-04-28,2,69.17,138.34
342,98,10,7,2022-11-15,1,137.9,137.9
343,44,6,10,2023-08-16,1,2046.26,2046.26
344,296,18,9,2022-11-16,5,1788.33,8941.65
345,227,9,9,2023-11-25,4,1294.67,5178.68
346,491,4,1,2023-02-11,2,708.47,1416.94
347,462,5,10,2022-03-19,5,2222.59,11112.95
348,85,9,1,2023-12-09,2,1294.67,2589.34
349,355,19,10,2022-04-15,3,2437.82,7313.46
350,456,13,7,2023-12-02,5,128.28,641.4
351,224,20,5,2022-05-04,5,69.17,345.85
352,32,12,2,2022-02-12,3,1540.8,4622.4
353,482,8,1,2023-06-30,4,306.47,1225.88
354,105,6,4,2023-11-09,3,2046.26,6138.78
355,48,13,2,2022-03-12,5,128.28,641.4
356,83,9,4,2023-10-26,3,1294.67,3884.01
357,95,2,6,2022-01-13,4,123.78,495.12
358,76,19,2,2023-05-17,1,2437.82,2437.82
359,46,9,5,2023-03-20,3,1294.67,3884.01
360,79,6,8,2023-10-13,4,2046.26,8185.04
361,121,12,2,2023-12-26,2,1540.8,3081.6
362,154,1,6,2023-03-22,2,1936.31,3872.62
363,212,19,8,2023-06-19,3,2437.82,7313.46
364,482,9,9,2023-09-23,5,1294.67,6473.35
365,369,7,6,2023-05-11,4,2681.93,10727.72
366,175,12,10,2023-03-23,5,1540.8,7704.0
367,415,12,5,2022-10-02,3,1540.8,4622.4
368,203,3,10,2022-09-09,1,861.34,861.34
369,340,14,3,2022-10-13,4,636.57,2546.28
370,273,7,8,2022-09-07,4,2681.93,10727.72
371,73,12,1,2023-08-07,5,1540.8,7704.0
372,340,14,6,2023-11-16,4,636.57,2546.28
373,13,12,10,2022-12-11,1,1540.8,1540.8
374,322,14,5,2023-05-22,3,636.57,1909.71
375,454,7,10,2022-07-06,4,2681.93,10727.72
376,495,1,6,2022-08-06,3,1936.31,5808.93
377,407,5,10,2022-09-22,3,2222.59,6667.77
378,438,20,5,2022-10-14,5,69.17,345.85
379,284,9,4,2023-12-20,3,1294.67,3884.01
380,48,9,4,2023-07-24,1,1294.67,1294.67
381,189,2,4,2023-06-14,2,123.78,247.56
382,473,4,9,2022-03-29,2,708.47,1416.94
383,241,12,3,2023-02-21,4,1540.8,6163.2
384,456,5,8,2023-07-23,2,2222.59,4445.18
385,293,10,6,2023-12-09,4,137.9,551.6
386,238,17,4,2023-10-24,4,700.3,2801.2
387,32,3,1,2023-04-04,1,861.34,861.34
388,59,16,6,2022-04-06,3,1657.58,4972.74
389,457,20,1,2022-08-15,4,69.17,276.68
390,37,7,4,2023-12-10,2,2681.93,5363.86
391,140,20,9,2022-11-10,5,69.17,345.85
392,126,16,8,2023-01-13,4,1657.58,6630.32
393,308,7,1,2023-07-21,5,2681.93,13409.65
394,457,17,3,2022-12-19,4,700.3,2801.2
395,209,7,1,2023-07-18,3,2681.93,8045.79
396,149,13,10,2022-12-27,4,128.28,513.12
397,163,16,4,2022-10-05,3,1657.58,4972.74
398,323,20,4,2022-09-15,2,69.17,138.34
399,30,14,7,2022-05-04,2,636.57,1273.14
400,354,7,8,2022-11-20,1,2681.93,2681.93
401,267,19,9,2023-07-03,2,2437.82,4875.64
402,450,8,2,2022-07-16,2,306.47,612.94
403,15,11,5,2023-05-11,3,694.98,2084.94
404,333,12,10,2023-08-27,5,1540.8,7704.0
405,348,4,9,2023-09-04,3,708.47,2125.41
406,199,2,9,2022-04-13,2,123.78,247.56
407,492,11,6,2022-10-31,2,694.98,1389.96
408,76,18,4,2023-01-05,2,1788.33,3576.66
409,488,13,2,2022-11-06,1,128.28,128.28
410,316,16,2,2023-12-27,5,1657.58,8287.9
411,442,19,10,2022-05-10,3,2437.82,7313.46
412,172,3,10,2022-02-16,1,861.34,861.34
413,197,1,3,2023-07-21,3,1936.31,5808.93
414,310,8,8,2023-12-16,2,306.47,612.94
415,225,3,8,2023-10-16,4,861.34,3445.36
416,393,20,5,2022-04-16,1,69.17,69.17
417,271,19,4,2023-08-11,3,2437.82,7313.46
418,257,16,9,2023-04-26,4,1657.58,6630.32
419,296,1,4,2023-03-28,3,1936.31,5808.93
420,57,17,6,2022-07-08,1,700.3,700.3
421,33,5,6,2022-09-16,4,2222.59,8890.36
422,77,13,6,2022-04-27,1,128.28,128.28
423,333,13,4,2023-02-15,4,128.28,513.12
424,31,8,5,2022-03-17,5,306.47,1532.35
425,158,14,9,2023-10-07,1,636.57,636.57
426,442,14,7,2022-06-05,2,636.57,1273.14
427,119,7,1,2023-07-31,3,2681.93,8045.79
428,442,2,1,2022-03-29,2,123.78,247.56
429,388,2,5,2022-05-02,5,123.78,618.9
430,11,3,7,2023-03-03,5,861.34,4306.7
431,152,3,9,2023-09-03,5,861.34,4306.7
432,140,1,5,2022-08-20,5,1936.31,9681.55
433,16,16,10,2023-01-25,4,1657.58,6630.32
434,363,14,9,2023-03-30,3,636.57,1909.71
435,71,7,8,2023-08-26,4,2681.93,10727.72
436,307,4,1,2022-11-09,5,708.47,3542.35
437,111,11,10,2023-09-28,1,694.98,694.98
438,375,13,10,2023-09-17,1,128.28,128.28
439,435,3,1,2022-08-01,2,861.34,1722.68
440,91,20,7,2022-09-28,1,69.17,69.17
441,48,20,5,2022-06-10,2,69.17,138.34
442,246,8,2,2022-06-27,5,306.47,1532.35
443,188,16,8,2022-03-18,2,1657.58,3315.16
444,335,15,7,2022-01-03,4,1967.16,7868.64
445,291,1,4,2023-04-07,5,1936.31,9681.55
446,467,1,5,2023-04-27,3,1936.31,5808.93
447,170,6,2,2022-02-03,2,2046.26,4092.52
448,321,14,8,2022-10-23,3,636.57,1909.71
449,161,8,8,2023-12-21,4,306.47,1225.88
450,284,19,8,2022-03-14,2,2437.82,4875.64
451,275,19,5,2022-09-28,5,2437.82,12189.1
452,225,14,3,2023-11-09,2,636.57,1273.14
453,347,5,6,2023-03-12,1,2222.59,2222.59
454,345,7,9,2023-07-12,2,2681.93,5363.86
455,38,13,6,2023-10-26,2,128.28,256.56
456,256,1,6,2022-09-30,2,1936.31,3872.62
457,264,15,5,2022-03-15,1,1967.16,1967.16
458,266,15,8,2022-06-19,3,1967.16,5901.48
459,477,18,5,2023-09-02,5,1788.33,8941.65
460,129,12,9,2022-10-23,4,1540.8,6163.2
461,22,19,5,2022-05-08,4,2437.82,9751.28
462,78,19,2,2023-12-07,3,2437.82,7313.46
463,492,12,3,2023-12-18,4,1540.8,6163.2
464,429,7,8,2022-10-06,5,2681.93,13409.65
465,260,2,4,2023-07-07,4,123.78,495.12
466,320,1,2,2023-03-25,1,1936.31,1936.31
467,215,17,2,2023-09-05,1,700.3,700.3
468,101,5,3,2023-03-19,3,2222.59,6667.77
469,497,16,3,2023-09-11,3,1657.58,4972.74
470,145,7,7,2022-01-27,1,2681.93,2681.93
471,395,3,2,2022-08-23,5,861.34,4306.7
472,383,20,10,2023-08-25,1,69.17,69.17
473,387,10,7,2023-11-20,3,137.9,413.7
474,268,3,8,2023-08-14,1,861.34,861.34
475,212,13,5,2022-06-29,4,128.28,513.12
476,167,13,7,2023-06-16,4,128.28,513.12
477,487,1,3,2022-10-12,2,1936.31,3872.62
478,478,6,4,2023-08-23,4,2046.26,8185.04
479,90,10,2,2023-10-13,4,137.9,551.6
480,82,11,3,2022-04-04,4,694.98,2779.92
481,58,14,10,2022-12-23,4,636.57,2546.28
482,454,12,2,2022-12-08,3,1540.8,4622.4
483,382,9,10,2023-11-18,1,1294.67,1294.67
484,445,14,7,2022-06-14,3,636.57,1909.71
485,479,16,3,2023-02-26,4,1657.58,6630.32
486,347,12,1,2022-10-23,4,1540.8,6163.2
487,467,3,2,2023-07-18,1,861.34,861.34
488,462,19,1,2023-04-11,1,2437.82,2437.82
489,194,15,2,2022-11-19,3,1967.16,5901.48
490,134,6,4,2022-11-28,1,2046.26,2046.26
491,462,6,5,2023-02-18,5,2046.26,10231.3
492,486,9,3,2022-01-02,5,1294.67,6473.35
493,13,13,10,2023-04-19,4,128.28,513.12
494,163,1,6,2022-02-25,2,1936.31,3872.62
495,303,5,7,2023-06-15,3,2222.59,6667.77
496,347,5,6,2023-09-30,4,2222.59,8890.36
497,213,7,6,2023-10-03,4,2681.93,10727.72
498,340,12,9,2022-02-22,2,1540.8,3081.6
499,103,11,5,2022-10-01,5,694.98,3474.9
500,158,10,8,2022-05-15,3,137.9,413.7
501,99,18,1,2023-03-25,4,1788.33,7153.32
502,378,10,9,2022-05-05,1,137.9,137.9
503,283,1,10,2023-10-08,5,1936.31,9681.55
504,53,17,3,2022-09-03,2,700.3,1400.6
505,36,6,10,2022-11-15,5,2046.26,10231.3
506,171,4,10,2022-01-15,5,708.47,3542.35
507,97,10,7,2023-02-22,1,137.9,137.9
508,468,4,6,2022-08-19,1,708.47,708.47
509,495,2,1,2023-04-18,1,123.78,123.78
510,46,15,3,2023-10-26,2,1967.16,3934.32
511,91,13,4,2023-05-26,3,128.28,384.84
512,74,15,2,2023-06-06,3,1967.16,5901.48
513,271,6,6,2023-03-02,4,2046.26,8185.04
514,452,1,4,2023-04-29,2,1936.31,3872.62
515,392,13,1,2023-04-13,5,128.28,641.4
516,60,8,7,2022-05-29,4,306.47,1225.88
517,475,17,4,2022-07-15,5,700.3,3501.5
518,293,17,4,2023-06-05,2,700.3,1400.6
519,104,1,2,2022-03-13,3,1936.31,5808.93
520,254,3,5,2023-03-01,3,861.34,2584.02
521,117,14,8,2023-06-04,3,636.57,1909.71
522,178,6,6,2022-01-03,3,2046.26,6138.78
523,97,7,1,2022-11-02,5,2681.93,13409.65
524,228,8,2,2023-08-17,4,306.47,1225.88
525,429,11,2,2022-06-02,4,694.98,2779.92
526,493,13,3,2023-07-06,4,128.28,513.12
527,108,6,5,2022-12-20,3,2046.26,6138.78
528,241,12,10,2023-07-20,5,1540.8,7704.0
529,426,5,7,2023-01-22,4,2222.59,8890.36
530,430,19,10,2022-11-26,2,2437.82,4875.64
531,489,2,4,2023-12-16,2,123.78,247.56
532,393,13,7,2023-08-09,4,128.28,513.12
533,304,11,10,2022-08-28,4,694.98,2779.92
534,264,2,5,2022-02-14,3,123.78,371.34
535,285,3,10,2023-04-30,4,861.34,3445.36
536,123,8,1,2023-01-31,2,306.47,612.94
537,215,8,2,2023-05-23,1,306.47,306.47
538,255,4,3,2022-05-10,5,708.47,3542.35
539,334,3,10,2023-08-28,3,861.34,2584.02
540,149,15,2,2022-04-13,4,1967.16,7868.64
541,299,11,3,2022-04-13,5,694.98,3474.9
542,471,17,4,2023-04-13,1,700.3,700.3
543,370,10,2,2022-05-28,4,137.9,551.6
544,32,11,3,2023-11-02,2,694.98,1389.96
545,179,8,2,2022-03-18,4,306.47,1225.88
546,38,3,5,2022-09-29,3,861.34,2584.02
547,129,19,2,2023-10-01,4,2437.82,9751.28
548,311,13,7,2023-10-28,1,128.28,128.28
549,439,7,9,2022-12-03,5,2681.93,13409.65
550,250,14,6,2023-01-25,3,636.57,1909.71
551,214,19,5,2023-10-04,4,2437.82,9751.28
552,477,13,7,2023-07-09,1,128.28,128.28
553,285,12,6,2023-09-25,1,1540.8,1540.8
554,162,11,6,2022-08-29,3,694.98,2084.94
555,273,14,1,2022-08-21,1,636.57,636.57
556,394,14,10,2023-03-21,1,636.57,636.57
557,161,7,4,2023-10-11,1,2681.93,2681.93
558,180,19,1,2023-03-31,2,2437.82,4875.64
559,341,20,2,2023-12-12,3,69.17,207.51
560,410,6,10,2022-01-30,1,2046.26,2046.26
561,45,4,3,2022-11-29,1,708.47,708.47
562,312,15,3,2022-10-28,3,1967.16,5901.48
563,110,5,10,2023-01-19,4,2222.59,8890.36
564,324,1,6,2022-05-30,2,1936.31,3872.62
565,373,15,2,2023-06-28,4,1967.16,7868.64
566,107,13,7,2023-08-03,2,128.28,256.56
567,154,2,2,2022-06-24,2,123.78,247.56
568,396,9,1,2022-03-22,5,1294.67,6473.35
569,1,2,8,2023-01-27,5,123.78,618.9
570,230,11,10,2023-12-01,2,694.98,1389.96
571,31,16,2,2023-05-25,5,1657.58,8287.9
572,340,19,6,2022-05-27,2,2437.82,4875.64
573,76,15,4,2023-04-18,3,1967.16,5901.48
574,125,12,1,2023-04-16,3,1540.8,4622.4
575,254,11,9,2023-11-14,1,694.98,694.98
576,285,13,2,2023-04-22,3,128.28,384.84
577,417,20,4,2023-11-25,5,69.17,345.85
578,222,6,3,2022-06-11,1,2046.26,2046.26
579,8,4,10,2023-03-29,3,708.47,2125.41
580,237,11,1,2023-08-25,3,694.98,2084.94
581,111,11,9,2023-10-17,4,694.98,2779.92
582,71,19,2,2023-12-08,3,2437.82,7313.46
583,318,9,7,2023-04-13,3,1294.67,3884.01
584,402,13,6,2022-07-23,4,128.28,513.12
585,78,9,2,2023-05-10,1,1294.67,1294.67
586,475,10,10,2022-08-31,4,137.9,551.6
587,92,8,2,2023-08-09,3,306.47,919.41
588,376,3,7,2023-08-12,3,861.34,2584.02
589,11,1,7,2023-12-18,3,1936.31,5808.93
590,339,15,10,2022-01-23,4,1967.16,7868.64
591,146,6,2,2022-10-09,1,2046.26,2046.26
592,119,10,8,2023-08-03,1,137.9,137.9
593,435,3,2,2023-09-13,4,861.34,3445.36
594,366,18,6,2022-10-21,2,1788.33,3576.66
595,51,15,10,2023-09-14,3,1967.16,5901.48
596,489,10,3,2022-08-13,2,137.9,275.8
597,354,13,1,2023-09-28,3,128.28,384.84
598,194,14,6,2023-11-26,2,636.57,1273.14
599,472,2,7,2023-10-06,1,123.78,123.78
600,70,19,7,2023-10-05,1,2437.82,2437.82
601,410,3,6,2022-11-13,4,861.34,3445.36
602,365,18,6,2022-02-04,5,1788.33,8941.65
603,326,4,10,2023-01-09,2,708.47,1416.94
604,70,7,5,2022-04-03,3,2681.93,8045.79
605,52,5,3,2022-12-01,4,2222.59,8890.36
606,317,7,4,2022-06-29,2,2681.93,5363.86
607,135,6,8,2022-05-16,5,2046.26,10231.3
608,74,5,5,2023-01-10,5,2222.59,11112.95
609,461,11,2,2023-05-29,3,694.98,2084.94
610,46,3,9,2022-06-18,3,861.34,2584.02
611,4,4,2,2023-05-09,3,708.47,2125.41
612,139,11,2,2022-12-13,1,694.98,694.98
613,160,16,8,2023-04-25,1,1657.58,1657.58
614,238,19,3,2022-05-25,2,2437.82,4875.64
615,18,18,3,2023-11-24,4,1788.33,7153.32
616,191,18,5,2023-07-25,3,1788.33,5364.99
617,428,11,8,2022-04-03,4,694.98,2779.92
618,151,14,7,2022-01-15,3,636.57,1909.71
619,129,12,9,2023-07-04,1,1540.8,1540.8
620,89,16,6,2023-04-11,3,1657.58,4972.74
621,191,4,4,2023-11-20,3,708.47,2125.41
622,260,12,8,2023-08-22,4,1540.8,6163.2
623,20,12,3,2023-10-16,3,1540.8,4622.4
624,125,14,10,2022-04-21,2,636.57,1273.14
625,372,10,8,2023-04-28,1,137.9,137.9
626,372,9,5,2023-09-27,5,1294.67,6473.35
627,140,13,3,2022-12-02,5,128.28,641.4
628,223,18,10,2022-08-15,1,1788.33,1788.33
629,282,16,2,2023-10-13,4,1657.58,6630.32
630,30,20,7,2023-12-19,3,69.17,207.51
631,6,6,7,2023-10-27,4,2046.26,8185.04
632,172,7,10,2022-04-30,2,2681.93,5363.86
633,423,17,6,2022-02-16,1,700.3,700.3
634,164,1,2,2022-11-08,4,1936.31,7745.24
635,452,13,4,2022-04-29,1,128.28,128.28
636,446,11,9,2022-08-29,5,694.98,3474.9
637,455,17,10,2022-05-19,4,700.3,2801.2
638,74,18,1,2023-04-10,3,1788.33,5364.99
639,331,19,10,2023-11-18,5,2437.82,12189.1
640,170,3,6,2023-03-06,5,861.34,4306.7
641,309,17,8,2022-06-08,4,700.3,2801.2
642,241,14,4,2023-11-02,1,636.57,636.57
643,345,2,9,2023-05-17,5,123.78,618.9
644,143,1,6,2023-02-22,3,1936.31,5808.93
645,218,17,10,2022-02-03,3,700.3,2100.9
646,327,5,2,2022-08-11,4,2222.59,8890.36
647,3,9,6,2023-04-01,2,1294.67,2589.34
648,46,3,8,2023-01-07,1,861.34,861.34
649,351,4,10,2023-12-04,3,708.47,2125.41
650,417,9,2,2023-07-12,3,1294.67,3884.01
651,354,7,9,2022-03-04,4,2681.93,10727.72
652,187,1,4,2022-10-10,2,1936.31,3872.62
653,361,18,5,2022-05-06,4,1788.33,7153.32
654,363,14,3,2022-04-04,2,636.57,1273.14
655,199,10,4,2023-10-20,5,137.9,689.5
656,16,17,8,2022-01-22,1,700.3,700.3
657,427,14,1,2022-12-08,2,636.57,1273.14
658,282,1,6,2022-05-09,5,1936.31,9681.55
659,270,17,1,2022-07-30,1,700.3,700.3
660,207,4,10,2023-07-22,2,708.47,1416.94
661,184,8,9,2023-08-24,2,306.47,612.94
662,300,16,9,2022-08-27,3,1657.58,4972.74
663,166,15,6,2022-06-01,5,1967.16,9835.8
664,226,7,6,2022-01-03,3,2681.93,8045.79
665,453,16,1,2022-05-29,2,1657.58,3315.16
666,192,8,2,2023-07-08,3,306.47,919.41
667,278,16,1,2022-06-28,1,1657.58,1657.58
668,156,12,10,2023-11-08,1,1540.8,1540.8
669,181,16,4,2022-05-15,1,1657.58,1657.58
670,489,13,5,2023-01-02,2,128.28,256.56
671,133,19,1,2023-08-26,3,2437.82,7313.46
672,56,7,4,2022-01-17,2,2681.93,5363.86
673,429,18,9,2022-09-29,1,1788.33,1788.33
674,323,18,10,2022-05-10,4,1788.33,7153.32
675,358,9,7,2023-06-23,1,1294.67,1294.67
676,416,9,2,2022-03-07,4,1294.67,5178.68
677,10,5,1,2023-04-05,3,2222.59,6667.77
678,265,15,5,2023-06-10,5,1967.16,9835.8
679,393,20,1,2022-04-22,4,69.17,276.68
680,335,2,2,2023-05-31,2,123.78,247.56
681,453,3,1,2023-09-22,1,861.34,861.34
682,456,14,5,2023-11-06,5,636.57,3182.85
683,395,19,9,2022-11-05,4,2437.82,9751.28
684,143,20,10,2023-10-21,1,69.17,69.17
685,304,1,2,2022-03-04,4,1936.31,7745.24
686,207,13,9,2023-02-16,4,128.28,513.12
687,158,8,9,2023-12-04,1,306.47,306.47
688,341,8,10,2023-05-18,4,306.47,1225.88
689,103,3,9,2022-03-17,1,861.34,861.34
690,53,17,3,2022-11-26,5,700.3,3501.5
691,23,14,7,2022-06-01,1,636.57,636.57
692,217,13,1,2022-05-10,3,128.28,384.84
693,422,7,6,2023-10-02,5,2681.93,13409.65
694,384,12,3,2023-07-16,3,1540.8,4622.4
695,266,11,4,2023-01-26,5,694.98,3474.9
696,413,16,10,2023-06-28,3,1657.58,4972.74
697,277,18,6,2023-04-10,5,1788.33,8941.65
698,336,17,6,2023-09-12,4,700.3,2801.2
699,444,12,8,2022-04-12,1,1540.8,1540.8
700,287,9,3,2023-11-02,5,1294.67,6473.35
701,402,16,3,2022-08-09,4,1657.58,6630.32
702,197,17,6,2023-04-08,2,700.3,1400.6
703,361,10,7,2023-02-28,3,137.9,413.7
704,470,12,2,2023-04-10,4,1540.8,6163.2
705,352,15,3,2023-03-02,1,1967.16,1967.16
706,440,6,7,2022-11-17,4,2046.26,8185.04
707,465,9,7,2022-11-17,3,1294.67,3884.01
708,370,5,10,2023-01-19,2,2222.59,4445.18
709,399,14,5,2023-12-05,4,636.57,2546.28
710,141,16,8,2022-03-10,1,1657.58,1657.58
711,376,12,7,2022-03-29,1,1540.8,1540.8
712,83,1,3,2023-03-19,1,1936.31,1936.31
713,422,5,4,2023-01-17,2,2222.59,4445.18
714,217,1,2,2023-07-24,1,1936.31,1936.31
715,406,3,5,2023-08-24,5,861.34,4306.7
716,97,19,2,2023-07-30,3,2437.82,7313.46
717,126,9,10,2023-11-18,1,1294.67,1294.67
718,464,9,10,2023-02-25,3,1294.67,3884.01
719,481,19,7,2023-11-13,4,2437.82,9751.28
720,272,3,4,2022-02-22,3,861.34,2584.02
721,84,20,8,2023-09-07,3,69.17,207.51
722,344,12,9,2022-12-27,1,1540.8,1540.8
723,365,19,1,2023-08-15,5,2437.82,12189.1
724,464,18,8,2022-08-06,2,1788.33,3576.66
725,347,15,1,2023-11-04,4,1967.16,7868.64
726,144,12,2,2022-08-18,1,1540.8,1540.8
727,98,1,8,2022-12-25,5,1936.31,9681.55
728,72,7,1,2023-01-12,1,2681.93,2681.93
729,224,11,6,2022-10-13,5,694.98,3474.9
730,238,18,4,2022-08-20,4,1788.33,7153.32
731,154,12,3,2023-07-29,5,1540.8,7704.0
732,294,4,9,2023-09-21,5,708.47,3542.35
733,20,20,3,2022-01-27,5,69.17,345.85
734,236,1,10,2023-11-05,3,1936.31,5808.93
735,480,20,3,2022-01-30,2,69.17,138.34
736,468,2,1,2022-10-07,3,123.78,371.34
737,332,1,8,2022-12-14,3,1936.31,5808.93
738,122,17,3,2022-01-07,2,700.3,1400.6
739,435,16,9,2022-05-27,5,1657.58,8287.9
740,119,2,6,2023-11-05,4,123.78,495.12
741,98,15,1,2022-03-13,2,1967.16,3934.32
742,110,20,10,2023-10-11,1,69.17,69.17
743,19,5,2,2022-04-04,5,2222.59,11112.95
744,203,18,4,2022-08-09,4,1788.33,7153.32
745,488,6,9,2023-03-06,4,2046.26,8185.04
746,175,3,3,2022-12-16,2,861.34,1722.68
747,7,20,9,2023-01-14,3,69.17,207.51
748,292,15,5,2022-11-29,5,1967.16,9835.8
749,479,15,3,2023-09-03,1,1967.16,1967.16
750,408,5,2,2022-02-23,2,2222.59,4445.18
751,430,19,3,2022-06-11,5,2437.82,12189.1
752,158,1,10,2022-02-20,1,1936.31,1936.31
753,195,20,5,2022-10-06,4,69.17,276.68
754,14,11,9,2023-11-09,4,694.98,2779.92
755,456,6,10,2023-05-13,5,2046.26,10231.3
756,373,11,10,2023-03-29,4,694.98,2779.92
757,1,19,3,2022-10-07,2,2437.82,4875.64
758,309,7,6,2023-06-09,1,2681.93,2681.93
759,259,14,3,2022-12-20,4,636.57,2546.28
760,206,12,5,2022-04-24,3,1540.8,4622.4
761,187,2,1,2023-11-26,5,123.78,618.9
762,130,7,5,2023-05-14,5,2681.93,13409.65
763,297,2,5,2023-11-15,3,123.78,371.34
764,66,18,7,2022-02-16,2,1788.33,3576.66
765,357,10,9,2023-02-09,5,137.9,689.5
766,297,5,7,2022-02-26,1,2222.59,2222.59
767,438,10,9,2022-07-29,3,137.9,413.7
768,444,4,5,2022-08-05,2,708.47,1416.94
769,315,14,1,2022-09-19,3,636.57,1909.71
770,207,14,10,2022-12-02,1,636.57,636.57
771,311,16,10,2022-01-08,4,1657.58,6630.32
772,387,17,10,2023-03-17,2,700.3,1400.6
773,430,8,7,2022-05-13,4,306.47,1225.88
774,275,10,10,2023-06-30,2,137.9,275.8
775,122,4,5,2023-05-28,5,708.47,3542.35
776,358,2,5,2023-11-16,3,123.78,371.34
777,325,15,1,2022-03-15,4,1967.16,7868.64
778,19,19,5,2022-02-13,4,2437.82,9751.28
779,14,3,1,2022-01-20,4,861.34,3445.36
780,186,4,8,2022-03-21,3,708.47,2125.41
781,273,8,7,2023-08-13,4,306.47,1225.88
782,104,4,3,2023-08-11,4,708.47,2833.88
783,149,7,7,2023-12-28,4,2681.93,10727.72
784,131,4,2,2022-10-24,1,708.47,708.47
785,221,7,8,2023-02-19,1,2681.93,2681.93
786,257,5,2,2022-11-29,2,2222.59,4445.18
787,379,1,4,2023-09-25,4,1936.31,7745.24
788,251,3,4,2023-12-08,3,861.34,2584.02
789,476,15,1,2022-04-01,4,1967.16,7868.64
790,448,7,10,2022-04-19,2,2681.93,5363.86
791,474,3,10,2023-03-23,5,861.34,4306.7
792,157,5,8,2023-02-15,5,2222.59,11112.95
793,339,19,9,2022-03-22,4,2437.82,9751.28
794,134,11,6,2022-11-14,3,694.98,2084.94
795,64,2,1,2022-08-15,3,123.78,371.34
796,374,2,8,2022-06-22,1,123.78,123.78
797,44,1,4,2023-06-07,1,1936.31,1936.31
798,246,13,4,2023-06-28,5,128.28,641.4
799,313,2,3,2022-07-18,3,123.78,371.34
800,29,19,3,2022-12-26,2,2437.82,4875.64
801,134,4,8,2022-08-30,1,708.47,708.47
802,211,17,1,2022-05-30,3,700.3,2100.9
803,7,4,10,2022-07-22,2,708.47,1416.94
804,167,13,7,2023-09-09,2,128.28,256.56
805,411,10,7,2023-11-03,1,137.9,137.9
806,149,12,6,2022-07-01,4,1540.8,6163.2
807,36,15,8,2023-04-21,5,1967.16,9835.8
808,167,1,1,2023-08-17,4,1936.31,7745.24
809,203,12,8,2023-11-29,5,1540.8,7704.0
810,377,9,1,2023-10-21,5,1294.67,6473.35
811,482,14,7,2022-11-27,3,636.57,1909.71
812,116,5,3,2022-06-04,4,2222.59,8890.36
813,269,1,10,2022-03-11,4,1936.31,7745.24
814,142,19,3,2023-03-29,3,2437.82,7313.46
815,165,17,9,2022-10-09,5,700.3,3501.5
816,293,17,7,2022-02-27,3,700.3,2100.9
817,326,13,5,2023-06-04,1,128.28,128.28
818,293,13,4,2022-11-14,4,128.28,513.12
819,44,7,8,2023-04-08,1,2681.93,2681.93
820,117,9,1,2022-02-28,3,1294.67,3884.01
821,194,14,7,2022-10-21,1,636.57,636.57
822,455,5,8,2023-10-23,1,2222.59,2222.59
823,336,14,2,2023-09-22,5,636.57,3182.85
824,220,11,1,2023-06-04,4,694.98,2779.92
825,418,18,6,2023-04-19,5,1788.33,8941.65
826,106,4,7,2023-07-22,1,708.47,708.47
827,373,5,3,2023-04-06,5,2222.59,11112.95
828,161,15,9,2023-10-30,2,1967.16,3934.32
829,360,17,3,2022-11-26,5,700.3,3501.5
830,163,17,4,2023-05-03,5,700.3,3501.5
831,484,9,8,2022-06-04,1,1294.67,1294.67
832,463,5,2,2023-04-07,1,2222.59,2222.59
833,372,8,9,2022-12-18,1,306.47,306.47
834,293,6,5,2023-06-01,2,2046.26,4092.52
835,140,19,5,2022-02-10,2,2437.82,4875.64
836,232,9,1,2023-12-26,4,1294.67,5178.68
837,176,17,2,2023-03-26,5,700.3,3501.5
838,417,6,8,2023-06-20,5,2046.26,10231.3
839,478,18,10,2022-06-12,3,1788.33,5364.99
840,151,1,7,2023-01-17,3,1936.31,5808.93
841,59,8,8,2023-02-01,4,306.47,1225.88
842,25,12,2,2022-12-13,5,1540.8,7704.0
843,276,15,6,2022-02-23,3,1967.16,5901.48
844,111,7,3,2022-03-09,3,2681.93,8045.79
845,283,16,1,2022-04-07,5,1657.58,8287.9
846,1,2,2,2023-11-26,4,123.78,495.12
847,283,16,10,2022-10-18,3,1657.58,4972.74
848,441,6,4,2023-11-04,5,2046.26,10231.3
849,208,16,2,2022-06-03,3,1657.58,4972.74
850,164,18,2,2022-03-25,5,1788.33,8941.65
851,76,17,4,2023-11-11,2,700.3,1400.6
852,464,10,4,2022-12-25,3,137.9,413.7
853,246,10,6,2023-11-03,4,137.9,551.6
854,190,13,8,2022-05-13,5,128.28,641.4
855,169,6,3,2023-12-27,1,2046.26,2046.26
856,338,9,2,2022-11-14,5,1294.67,6473.35
857,357,3,4,2023-01-21,3,861.34,2584.02
858,214,2,4,2022-05-11,5,123.78,618.9
859,473,16,4,2022-04-06,4,1657.58,6630.32
860,276,1,5,2023-06-05,3,1936.31,5808.93
861,9,18,2,2022-01-19,3,1788.33,5364.99
862,229,20,8,2022-11-13,2,69.17,138.34
863,482,11,1,2022-08-08,3,694.98,2084.94
864,221,10,7,2023-05-13,2,137.9,275.8
865,100,11,7,2022-08-20,2,694.98,1389.96
866,115,11,2,2022-06-08,1,694.98,694.98
867,351,8,4,2022-10-30,1,306.47,306.47
868,138,6,3,2023-06-04,5,2046.26,10231.3
869,4,8,6,2023-06-24,1,306.47,306.47
870,92,19,10,2023-11-09,3,2437.82,7313.46
871,408,18,9,2023-09-25,2,1788.33,3576.66
872,104,15,9,2023-09-04,4,1967.16,7868.64
873,94,16,4,2022-06-07,2,1657.58,3315.16
874,309,13,1,2022-07-05,5,128.28,641.4
875,371,12,3,2022-06-19,4,1540.8,6163.2
876,192,8,4,2022-02-14,4,306.47,1225.88
877,421,11,8,2023-01-09,2,694.98,1389.96
878,426,17,10,2023-03-31,5,700.3,3501.5
879,153,18,8,2022-10-19,4,1788.33,7153.32
880,137,2,3,2022-08-28,5,123.78,618.9
881,338,3,5,2022-09-02,3,861.34,2584.02
882,146,3,7,2023-04-26,2,861.34,1722.68
883,174,16,10,2023-01-12,5,1657.58,8287.9
884,54,9,8,2023-03-28,4,1294.67,5178.68
885,217,11,2,2022-10-16,4,694.98,2779.92
886,340,12,2,2023-05-30,5,1540.8,7704.0
887,333,4,1,2023-03-05,2,708.47,1416.94
888,60,11,5,2022-07-24,5,694.98,3474.9
889,64,8,4,2022-05-22,3,306.47,919.41
890,155,12,9,2022-02-23,4,1540.8,6163.2
891,34,16,1,2023-01-16,5,1657.58,8287.9
892,126,10,8,2022-04-16,5,137.9,689.5
893,53,8,4,2022-05-08,3,306.47,919.41
894,453,18,4,2022-03-27,2,1788.33,3576.66
895,206,10,6,2022-10-07,4,137.9,551.6
896,309,16,5,2023-06-10,2,1657.58,3315.16
897,334,8,2,2023-03-24,1,306.47,306.47
898,307,10,3,2022-08-16,4,137.9,551.6
899,156,1,1,2022-12-24,1,1936.31,1936.31
900,147,16,8,2023-03-01,1,1657.58,1657.58
901,486,7,4,2023-02-10,5,2681.93,13409.65
902,471,12,4,2023-01-18,2,1540.8,3081.6
903,454,16,9,2023-01-31,1,1657.58,1657.58
904,3,1,10,2023-01-19,2,1936.31,3872.62
905,8,6,5,2022-01-29,3,2046.26,6138.78
906,135,9,8,2022-04-12,3,1294.67,3884.01
907,498,8,5,2022-05-30,2,306.47,612.94
908,241,7,9,2022-02-09,3,2681.93,8045.79
909,159,7,6,2023-04-29,2,2681.93,5363.86
910,224,2,4,2023-12-24,4,123.78,495.12
911,26,19,10,2023-04-05,5,2437.82,12189.1
912,482,10,6,2022-01-06,1,137.9,137.9
913,152,6,3,2022-01-20,3,2046.26,6138.78
914,57,17,10,2022-08-09,2,700.3,1400.6
915,354,10,3,2023-07-16,5,137.9,689.5
916,338,7,9,2023-06-25,4,2681.93,10727.72
917,65,9,1,2022-04-24,3,1294.67,3884.01
918,42,2,5,2022-09-01,3,123.78,371.34
919,300,16,8,2022-05-05,1,1657.58,1657.58
920,477,19,7,2022-09-02,4,2437.82,9751.28
921,409,18,9,2023-10-17,5,1788.33,8941.65
922,299,11,9,2023-04-14,1,694.98,694.98
923,225,16,8,2022-04-24,4,1657.58,6630.32
924,339,6,6,2023-09-04,5,2046.26,10231.3
925,218,3,1,2022-01-17,5,861.34,4306.7
926,177,12,6,2023-08-12,2,1540.8,3081.6
927,182,13,3,2022-05-28,3,128.28,384.84
928,194,15,9,2023-03-16,1,1967.16,1967.16
929,204,15,9,2023-09-22,3,1967.16,5901.48
930,312,18,2,2022-09-04,5,1788.33,8941.65
931,82,5,3,2023-03-03,2,2222.59,4445.18
932,72,10,3,2023-11-12,1,137.9,137.9
933,336,3,3,2023-06-21,3,861.34,2584.02
934,164,13,6,2022-03-11,5,128.28,641.4
935,487,8,10,2023-07-12,5,306.47,1532.35
936,353,17,10,2023-06-04,5,700.3,3501.5
937,468,7,10,2022-01-21,4,2681.93,10727.72
938,125,18,8,2023-04-27,1,1788.33,1788.33
939,65,20,2,2023-10-13,4,69.17,276.68
940,146,5,4,2023-01-18,3,2222.59,6667.77
941,65,6,7,2022-01-17,3,2046.26,6138.78
942,422,5,5,2022-03-11,3,2222.59,6667.77
943,325,18,7,2022-09-04,1,1788.33,1788.33
944,229,19,9,2023-08-19,3,2437.82,7313.46
945,242,13,1,2022-05-17,1,128.28,128.28
946,366,7,10,2022-12-27,5,2681.93,13409.65
947,357,19,10,2022-12-13,2,2437.82,4875.64
948,438,5,1,2023-12-03,4,2222.59,8890.36
949,45,11,4,2023-12-14,4,694.98,2779.92
950,293,4,3,2023-10-09,2,708.47,1416.94
951,488,11,7,2022-05-19,1,694.98,694.98
952,270,10,9,2023-04-14,1,137.9,137.9
953,159,2,5,2022-10-28,2,123.78,247.56
954,336,13,9,2022-02-14,2,128.28,256.56
955,322,2,7,2022-02-12,3,123.78,371.34
956,309,13,6,2022-11-14,5,128.28,641.4
957,84,10,6,2023-02-12,5,137.9,689.5
958,438,19,7,2023-04-30,3,2437.82,7313.46
959,411,16,2,2022-02-07,2,1657.58,3315.16
960,234,19,3,2022-10-20,3,2437.82,7313.46
961,287,3,8,2022-02-18,3,861.34,2584.02
962,231,18,8,2022-10-07,1,1788.33,1788.33
963,469,18,4,2023-01-12,4,1788.33,7153.32
964,349,20,3,2023-02-14,4,69.17,276.68
965,268,15,7,2023-01-31,3,1967.16,5901.48
966,386,9,3,2022-07-11,4,1294.67,5178.68
967,340,3,9,2023-12-10,4,861.34,3445.36
968,64,17,10,2023-01-12,5,700.3,3501.5
969,386,16,8,2022-10-01,1,1657.58,1657.58
970,162,20,10,2023-03-11,1,69.17,69.17
971,166,10,5,2023-03-17,5,137.9,689.5
972,481,16,1,2022-07-04,5,1657.58,8287.9
973,248,12,9,2022-10-28,3,1540.8,4622.4
974,200,10,6,2022-04-16,1,137.9,137.9
975,111,16,4,2022-12-02,3,1657.58,4972.74
976,401,20,6,2022-11-10,4,69.17,276.68
977,323,8,4,2023-09-10,4,306.47,1225.88
978,129,1,2,2022-06-20,4,1936.31,7745.24
979,113,17,8,2022-12-26,4,700.3,2801.2
980,308,10,8,2022-02-13,3,137.9,413.7
981,297,19,1,2023-09-22,4,2437.82,9751.28
982,300,11,1,2022-10-09,1,694.98,694.98
983,186,4,6,2022-03-18,4,708.47,2833.88
984,403,8,6,2023-01-08,5,306.47,1532.35
985,82,14,6,2023-11-27,2,636.57,1273.14
986,24,8,4,2022-02-01,2,306.47,612.94
987,498,14,1,2023-09-15,4,636.57,2546.28
988,144,10,8,2022-02-05,2,137.9,275.8
989,352,11,4,2022-03-10,2,694.98,1389.96
990,363,20,2,2023-10-23,3,69.17,207.51
991,455,5,8,2023-01-06,4,2222.59,8890.36
992,360,10,8,2023-08-04,1,137.9,137.9
993,35,8,7,2023-09-12,2,306.47,612.94
994,407,4,9,2023-11-27,4,708.47,2833.88
995,136,20,3,2023-01-15,3,69.17,207.51
996,367,20,4,2023-03-31,1,69.17,69.17
997,495,2,2,2023-08-11,2,123.78,247.56
998,184,13,6,2023-06-27,3,128.28,384.84
999,100,4,1,2023-02-12,3,708.47,2125.41
1000,39,4,4,2023-10-28,3,708.47,2125.41
1001,298,3,7,2022-09-13,1,861.34,861.34
1002,250,6,2,2022-01-27,2,2046.26,4092.52
1003,191,8,2,2023-05-27,5,306.47,1532.35
1004,20,18,10,2023-02-01,5,1788.33,8941.65
1005,240,7,2,2022-05-01,3,2681.93,8045.79
1006,115,18,5,2022-09-24,4,1788.33,7153.32
1007,355,11,1,2022-08-08,5,694.98,3474.9
1008,71,4,4,2022-10-20,4,708.47,2833.88
1009,314,1,9,2022-07-24,1,1936.31,1936.31
1010,189,9,10,2022-05-19,1,1294.67,1294.67
1011,235,20,7,2023-04-08,2,69.17,138.34
1012,330,4,2,2024-01-01,4,708.47,2833.88
1013,420,17,6,2022-03-31,3,700.3,2100.9
1014,175,15,10,2023-11-15,3,1967.16,5901.48
1015,309,18,1,2023-12-28,1,1788.33,1788.33
1016,197,12,8,2023-07-18,5,1540.8,7704.0
1017,463,11,6,2022-10-25,3,694.98,2084.94
1018,194,7,9,2022-06-11,2,2681.93,5363.86
1019,14,20,4,2023-01-06,5,69.17,345.85
1020,34,12,1,2022-08-18,1,1540.8,1540.8
1021,147,4,3,2022-07-25,2,708.47,1416.94
1022,433,8,5,2022-08-31,4,306.47,1225.88
1023,119,3,6,2022-01-27,3,861.34,2584.02
1024,114,8,6,2023-07-22,5,306.47,1532.35
1025,109,13,8,2023-01-13,4,128.28,513.12
1026,103,6,9,2023-07-19,2,2046.26,4092.52
1027,152,4,2,2023-09-19,1,708.47,708.47
1028,423,6,3,2022-03-09,3,2046.26,6138.78
1029,336,15,8,2023-02-12,4,1967.16,7868.64
1030,422,9,9,2023-06-23,4,1294.67,5178.68
1031,441,14,2,2023-02-24,5,636.57,3182.85
1032,102,15,6,2022-03-17,2,1967.16,3934.32
1033,180,8,9,2022-11-21,1,306.47,306.47
1034,144,18,9,2023-04-06,4,1788.33,7153.32
1035,137,20,5,2023-11-28,5,69.17,345.85
1036,214,6,3,2022-12-19,2,2046.26,4092.52
1037,101,15,1,2023-07-19,5,1967.16,9835.8
1038,233,14,10,2022-07-06,2,636.57,1273.14
1039,145,12,5,2023-03-20,5,1540.8,7704.0
1040,286,17,2,2022-02-26,1,700.3,700.3
1041,249,18,9,2023-06-15,2,1788.33,3576.66
1042,309,1,10,2022-11-08,2,1936.31,3872.62
1043,166,18,10,2022-06-15,3,1788.33,5364.99
1044,463,15,2,2023-12-28,2,1967.16,3934.32
1045,493,1,6,2022-12-21,5,1936.31,9681.55
1046,212,15,5,2022-10-18,1,1967.16,1967.16
1047,341,5,2,2022-09-14,2,2222.59,4445.18
1048,402,4,6,2023-10-13,5,708.47,3542.35
1049,311,7,2,2022-10-09,2,2681.93,5363.86
1050,132,17,7,2023-10-03,3,700.3,2100.9
1051,298,20,2,2023-09-22,5,69.17,345.85
1052,256,11,5,2022-04-06,5,694.98,3474.9
1053,274,3,9,2023-10-19,2,861.34,1722.68
1054,267,18,2,2023-08-30,5,1788.33,8941.65
1055,369,17,1,2022-06-07,2,700.3,1400.6
1056,357,15,6,2023-11-06,5,1967.16,9835.8
1057,100,7,6,2023-09-12,3,2681.93,8045.79
1058,347,9,1,2023-08-01,1,1294.67,1294.67
1059,206,19,10,2022-01-30,1,2437.82,2437.82
1060,253,15,2,2022-02-16,5,1967.16,9835.8
1061,179,11,7,2022-09-29,2,694.98,1389.96
1062,117,11,1,2023-08-09,4,694.98,2779.92
1063,222,1,6,2023-09-25,1,1936.31,1936.31
1064,311,10,9,2023-05-25,5,137.9,689.5
1065,90,18,7,2022-10-24,3,1788.33,5364.99
1066,77,20,10,2023-05-10,2,69.17,138.34
1067,461,3,1,2023-12-03,4,861.34,3445.36
1068,438,7,9,2022-11-01,4,2681.93,10727.72
1069,210,7,7,2022-03-16,1,2681.93,2681.93
1070,14,17,10,2022-06-11,4,700.3,2801.2
1071,199,18,4,2023-03-02,4,1788.33,7153.32
1072,167,14,1,2023-04-21,2,636.57,1273.14
1073,485,18,1,2022-12-15,5,1788.33,8941.65
1074,250,20,4,2022-05-28,3,69.17,207.51
1075,496,11,10,2022-11-23,3,694.98,2084.94
1076,58,2,3,2023-02-13,2,123.78,247.56
1077,217,4,3,2023-01-15,5,708.47,3542.35
1078,399,3,6,2023-07-30,1,861.34,861.34
1079,497,1,1,2022-11-23,2,1936.31,3872.62
1080,66,11,8,2023-04-23,1,694.98,694.98
1081,230,7,10,2022-10-01,4,2681.93,10727.72
1082,378,20,5,2022-09-11,2,69.17,138.34
1083,423,17,6,2022-04-10,1,700.3,700.3
1084,26,7,9,2022-10-25,4,2681.93,10727.72
1085,472,1,4,2023-09-23,4,1936.31,7745.24
1086,301,11,1,2022-09-12,2,694.98,1389.96
1087,457,15,3,2022-12-02,5,1967.16,9835.8
1088,211,1,4,2022-11-17,2,1936.31,3872.62
1089,315,8,1,2022-06-13,4,306.47,1225.88
1090,156,9,8,2023-06-12,4,1294.67,5178.68
1091,448,10,3,2023-05-26,3,137.9,413.7
1092,190,16,9,2023-05-25,1,1657.58,1657.58
1093,36,7,3,2022-04-03,4,2681.93,10727.72
1094,283,8,7,2023-06-02,4,306.47,1225.88
1095,197,9,9,2022-09-04,2,1294.67,2589.34
1096,399,15,3,2023-08-21,3,1967.16,5901.48
1097,257,17,6,2022-02-19,1,700.3,700.3
1098,242,10,4,2022-10-16,4,137.9,551.6
1099,372,3,4,2023-09-04,4,861.34,3445.36
1100,150,7,1,2022-10-20,5,2681.93,13409.65
1101,485,5,10,2022-01-09,1,2222.59,2222.59
1102,356,18,10,2023-03-18,2,1788.33,3576.66
1103,343,17,1,2022-09-28,3,700.3,2100.9
1104,221,18,5,2023-02-17,3,1788.33,5364.99
1105,267,14,6,2022-02-16,4,636.57,2546.28
1106,309,2,6,2022-02-22,5,123.78,618.9
1107,274,4,3,2023-07-30,2,708.47,1416.94
1108,282,6,5,2023-01-07,5,2046.26,10231.3
1109,348,4,8,2022-10-23,1,708.47,708.47
1110,43,9,5,2023-01-31,5,1294.67,6473.35
1111,152,9,8,2023-04-07,5,1294.67,6473.35
1112,77,11,6,2022-10-14,5,694.98,3474.9
1113,241,14,10,2023-11-28,5,636.57,3182.85
1114,14,17,8,2022-05-02,2,700.3,1400.6
1115,87,15,9,2022-04-10,4,1967.16,7868.64
1116,417,17,1,2023-01-18,3,700.3,2100.9
1117,160,17,3,2023-07-26,3,700.3,2100.9
1118,120,18,4,2022-05-28,2,1788.33,3576.66
1119,39,8,3,2023-09-09,5,306.47,1532.35
1120,447,10,10,2023-02-16,5,137.9,689.5
1121,52,14,2,2022-02-11,1,636.57,636.57
1122,107,14,3,2022-02-09,2,636.57,1273.14
1123,50,9,10,2024-01-01,3,1294.67,3884.01
1124,410,5,9,2023-05-01,5,2222.59,11112.95
1125,202,6,1,2023-04-13,2,2046.26,4092.52
1126,195,11,5,2023-09-13,5,694.98,3474.9
1127,213,3,10,2022-05-24,3,861.34,2584.02
1128,185,6,7,2023-09-20,3,2046.26,6138.78
1129,151,12,9,2022-06-16,4,1540.8,6163.2
1130,34,18,8,2023-09-24,3,1788.33,5364.99
1131,139,7,8,2023-08-31,3,2681.93,8045.79
1132,243,18,5,2023-06-04,5,1788.33,8941.65
1133,120,20,7,2023-06-30,4,69.17,276.68
1134,482,20,9,2023-12-27,5,69.17,345.85
1135,327,12,10,2022-11-03,4,1540.8,6163.2
1136,259,4,10,2022-01-18,3,708.47,2125.41
1137,126,4,3,2022-12-06,1,708.47,708.47
1138,314,2,1,2023-03-03,5,123.78,618.9
1139,290,1,4,2022-11-12,1,1936.31,1936.31
1140,492,20,10,2023-09-04,4,69.17,276.68
1141,20,5,2,2022-09-29,5,2222.59,11112.95
1142,110,3,2,2023-08-15,2,861.34,1722.68
1143,388,15,2,2022-02-22,5,1967.16,9835.8
1144,105,19,1,2023-05-07,2,2437.82,4875.64
1145,445,2,10,2023-06-21,5,123.78,618.9
1146,17,11,2,2023-01-25,2,694.98,1389.96
1147,123,2,8,2023-11-29,2,123.78,247.56
1148,338,3,4,2022-02-02,5,861.34,4306.7
1149,7,9,5,2023-12-19,1,1294.67,1294.67
1150,269,12,10,2022-07-15,1,1540.8,1540.8
1151,489,14,2,2023-03-28,3,636.57,1909.71
1152,428,3,3,2023-03-05,2,861.34,1722.68
1153,60,1,2,2023-02-27,2,1936.31,3872.62
1154,161,1,8,2023-02-25,5,1936.31,9681.55
1155,109,4,9,2023-09-19,4,708.47,2833.88
1156,114,20,7,2022-03-05,2,69.17,138.34
1157,211,6,8,2023-06-16,2,2046.26,4092.52
1158,484,11,3,2023-07-29,3,694.98,2084.94
1159,81,3,7,2023-11-10,4,861.34,3445.36
1160,76,12,2,2023-06-23,4,1540.8,6163.2
1161,134,14,4,2022-11-18,2,636.57,1273.14
1162,287,6,9,2023-04-16,5,2046.26,10231.3
1163,453,9,9,2022-12-17,5,1294.67,6473.35
1164,252,2,9,2022-12-29,3,123.78,371.34
1165,461,11,5,2023-09-17,4,694.98,2779.92
1166,455,19,2,2022-07-16,2,2437.82,4875.64
1167,115,9,3,2022-10-13,5,1294.67,6473.35
1168,383,2,9,2022-11-02,2,123.78,247.56
1169,331,14,7,2022-11-01,3,636.57,1909.71
1170,355,7,7,2023-12-23,2,2681.93,5363.86
1171,325,4,5,2023-12-08,4,708.47,2833.88
1172,432,9,4,2022-11-21,4,1294.67,5178.68
1173,92,5,2,2022-12-24,5,2222.59,11112.95
1174,372,16,9,2022-10-08,3,1657.58,4972.74
1175,88,1,4,2022-05-05,5,1936.31,9681.55
1176,301,10,8,2023-11-24,5,137.9,689.5
1177,201,20,10,2023-01-24,4,69.17,276.68
1178,463,6,7,2022-12-20,2,2046.26,4092.52
1179,209,10,10,2022-10-25,1,137.9,137.9
1180,454,12,5,2022-10-22,1,1540.8,1540.8
1181,48,18,10,2022-12-21,4,1788.33,7153.32
1182,302,11,6,2023-11-03,3,694.98,2084.94
1183,319,20,3,2023-05-06,2,69.17,138.34
1184,69,17,6,2022-07-26,5,700.3,3501.5
1185,210,14,9,2022-10-05,5,636.57,3182.85
1186,340,10,4,2023-12-14,3,137.9,413.7
1187,10,14,2,2022-05-21,1,636.57,636.57
1188,15,9,6,2023-09-23,5,1294.67,6473.35
1189,233,20,6,2022-09-03,2,69.17,138.34
1190,345,5,5,2022-02-21,5,2222.59,11112.95
1191,303,2,4,2022-08-20,2,123.78,247.56
1192,374,18,5,2022-02-23,1,1788.33,1788.33
1193,85,7,9,2023-02-28,3,2681.93,8045.79
1194,439,12,7,2023-04-29,1,1540.8,1540.8
1195,384,8,2,2023-11-29,2,306.47,612.94
1196,31,17,2,2022-01-06,5,700.3,3501.5
1197,279,20,3,2022-06-11,4,69.17,276.68
1198,170,6,4,2023-10-31,4,2046.26,8185.04
1199,289,20,9,2023-05-04,2,69.17,138.34
1200,77,19,3,2022-10-22,3,2437.82,7313.46
1201,27,20,1,2022-10-20,1,69.17,69.17
1202,379,8,10,2022-04-02,5,306.47,1532.35
1203,130,14,6,2022-08-26,5,636.57,3182.85
1204,305,12,1,2022-02-08,2,1540.8,3081.6
1205,461,3,3,2023-03-04,2,861.34,1722.68
1206,131,13,8,2022-02-07,4,128.28,513.12
1207,29,1,9,2023-05-23,2,1936.31,3872.62
1208,38,7,9,2022-10-24,1,2681.93,2681.93
1209,195,5,1,2022-01-10,3,2222.59,6667.77
1210,359,10,7,2023-08-05,5,137.9,689.5
1211,236,14,2,2022-04-20,3,636.57,1909.71
1212,29,9,2,2022-10-19,4,1294.67,5178.68
1213,305,13,5,2023-10-19,5,128.28,641.4
1214,323,2,1,2023-06-21,4,123.78,495.12
1215,64,9,1,2022-05-18,5,1294.67,6473.35
1216,68,15,9,2023-04-25,3,1967.16,5901.48
1217,339,16,10,2022-07-17,1,1657.58,1657.58
1218,12,1,5,2022-12-05,2,1936.31,3872.62
1219,363,14,10,2023-04-15,3,636.57,1909.71
1220,48,13,3,2022-07-10,1,128.28,128.28
1221,151,5,3,2022-12-12,3,2222.59,6667.77
1222,352,8,9,2023-08-05,2,306.47,612.94
1223,342,9,2,2022-06-29,5,1294.67,6473.35
1224,422,17,3,2023-10-17,4,700.3,2801.2
1225,177,1,3,2023-03-14,5,1936.31,9681.55
1226,89,18,10,2022-12-02,1,1788.33,1788.33
1227,98,11,3,2023-02-15,1,694.98,694.98
1228,448,10,1,2022-07-09,2,137.9,275.8
1229,155,11,1,2023-05-04,3,694.98,2084.94
1230,137,9,6,2022-09-12,1,1294.67,1294.67
1231,255,5,10,2022-09-25,4,2222.59,8890.36
1232,84,14,4,2022-08-30,4,636.57,2546.28
1233,114,19,8,2022-10-01,3,2437.82,7313.46
1234,143,9,9,2022-11-06,5,1294.67,6473.35
1235,499,4,10,2023-08-10,1,708.47,708.47
1236,319,16,10,2022-09-25,3,1657.58,4972.74
1237,409,20,1,2023-12-11,2,69.17,138.34
1238,98,14,4,2022-03-05,1,636.57,636.57
1239,173,2,2,2023-04-22,3,123.78,371.34
1240,440,13,3,2022-06-13,4,128.28,513.12
1241,101,6,2,2023-12-04,5,2046.26,10231.3
1242,368,10,7,2023-12-22,3,137.9,413.7
1243,49,15,9,2023-12-08,1,1967.16,1967.16
1244,193,11,3,2023-10-17,3,694.98,2084.94
1245,248,8,9,2023-01-12,5,306.47,1532.35
1246,184,17,5,2022-08-15,2,700.3,1400.6
1247,410,13,6,2022-05-17,4,128.28,513.12
1248,426,4,6,2022-06-06,4,708.47,2833.88
1249,213,19,6,2023-09-13,3,2437.82,7313.46
1250,473,4,3,2023-03-02,5,708.47,3542.35
1251,24,7,5,2023-04-28,5,2681.93,13409.65
1252,394,13,6,2023-11-12,2,128.28,256.56
1253,353,8,2,2022-09-11,5,306.47,1532.35
1254,87,9,4,2022-03-25,5,1294.67,6473.35
1255,7,4,5,2023-04-03,5,708.47,3542.35
1256,213,2,10,2023-12-22,3,123.78,371.34
1257,218,17,4,2022-03-21,5,700.3,3501.5
1258,5,11,5,2022-04-25,1,694.98,694.98
1259,53,11,10,2023-07-15,5,694.98,3474.9
1260,91,15,2,2022-07-27,5,1967.16,9835.8
1261,381,3,10,2023-07-04,2,861.34,1722.68
1262,170,17,8,2022-06-18,3,700.3,2100.9
1263,292,5,4,2023-06-17,4,2222.59,8890.36
1264,96,6,10,2022-04-30,2,2046.26,4092.52
1265,461,8,6,2023-08-21,4,306.47,1225.88
1266,219,14,9,2022-04-04,5,636.57,3182.85
1267,52,14,1,2023-04-02,1,636.57,636.57
1268,185,5,8,2023-04-10,2,2222.59,4445.18
1269,380,12,5,2023-06-10,4,1540.8,6163.2
1270,391,18,4,2023-04-13,5,1788.33,8941.65
1271,132,2,10,2022-03-01,5,123.78,618.9
1272,128,12,10,2023-04-19,3,1540.8,4622.4
1273,344,2,5,2022-01-23,4,123.78,495.12
1274,8,7,10,2022-09-18,1,2681.93,2681.93
1275,4,15,7,2022-08-12,5,1967.16,9835.8
1276,141,13,4,2022-03-16,1,128.28,128.28
1277,95,5,10,2023-03-10,3,2222.59,6667.77
1278,434,1,8,2023-12-19,1,1936.31,1936.31
1279,224,2,5,2023-07-09,1,123.78,123.78
1280,86,11,6,2022-03-12,4,694.98,2779.92
1281,174,19,7,2022-02-02,3,2437.82,7313.46
1282,73,6,2,2023-02-23,2,2046.26,4092.52
1283,405,10,3,2022-05-19,4,137.9,551.6
1284,342,12,9,2023-01-19,4,1540.8,6163.2
1285,254,6,10,2023-04-05,4,2046.26,8185.04
1286,91,20,7,2023-01-20,1,69.17,69.17
1287,40,15,8,2023-12-01,5,1967.16,9835.8
1288,438,18,9,2022-05-17,3,1788.33,5364.99
1289,376,10,8,2022-05-02,2,137.9,275.8
1290,204,19,8,2023-07-05,4,2437.82,9751.28
1291,305,5,1,2023-06-26,2,2222.59,4445.18
1292,129,10,6,2022-08-17,1,137.9,137.9
1293,433,7,10,2022-01-24,3,2681.93,8045.79
1294,364,19,9,2023-04-20,5,2437.82,12189.1
1295,471,17,10,2023-03-11,5,700.3,3501.5
1296,244,7,6,2023-01-24,2,2681.93,5363.86
1297,112,14,7,2022-09-11,4,636.57,2546.28
1298,152,9,9,2022-12-21,2,1294.67,2589.34
1299,347,17,7,2022-10-10,2,700.3,1400.6
1300,226,14,4,2022-04-26,1,636.57,636.57
1301,339,10,3,2023-11-08,4,137.9,551.6
1302,344,13,3,2023-09-22,1,128.28,128.28
1303,15,15,4,2022-09-04,2,1967.16,3934.32
1304,287,18,3,2022-03-10,1,1788.33,1788.33
1305,200,8,5,2023-09-01,1,306.47,306.47
1306,47,18,5,2023-04-03,5,1788.33,8941.65
1307,208,3,9,2023-11-20,1,861.34,861.34
1308,114,18,2,2022-09-08,1,1788.33,1788.33
1309,317,20,1,2023-02-16,4,69.17,276.68
1310,223,13,6,2022-08-28,5,128.28,641.4
1311,287,10,10,2022-08-11,1,137.9,137.9
1312,479,16,6,2022-05-24,5,1657.58,8287.9
1313,478,2,9,2022-10-24,2,123.78,247.56
1314,157,3,1,2023-08-13,3,861.34,2584.02
1315,57,17,4,2023-08-15,5,700.3,3501.5
1316,100,19,1,2023-11-20,3,2437.82,7313.46
1317,51,19,2,2022-08-31,3,2437.82,7313.46
1318,341,6,10,2022-05-27,5,2046.26,10231.3
1319,13,12,5,2022-08-15,4,1540.8,6163.2
1320,433,13,7,2022-11-04,3,128.28,384.84
1321,445,4,4,2022-03-04,5,708.47,3542.35
1322,321,1,1,2023-08-29,2,1936.31,3872.62
1323,53,17,6,2023-10-04,4,700.3,2801.2
1324,261,12,5,2023-07-24,4,1540.8,6163.2
1325,136,20,9,2022-02-18,3,69.17,207.51
1326,446,8,4,2023-10-21,4,306.47,1225.88
1327,147,12,9,2023-06-22,3,1540.8,4622.4
1328,93,20,10,2023-12-15,4,69.17,276.68
1329,412,18,1,2023-02-23,2,1788.33,3576.66
1330,197,7,1,2022-11-04,4,2681.93,10727.72
1331,175,20,5,2022-07-08,5,69.17,345.85
1332,176,3,3,2023-04-30,2,861.34,1722.68
1333,117,4,10,2022-08-19,3,708.47,2125.41
1334,450,1,5,2023-12-26,2,1936.31,3872.62
1335,54,17,4,2023-04-20,1,700.3,700.3
1336,306,15,5,2023-07-30,4,1967.16,7868.64
1337,337,10,8,2023-03-03,5,137.9,689.5
1338,384,14,9,2023-06-27,2,636.57,1273.14
1339,11,13,4,2023-02-02,2,128.28,256.56
1340,37,3,1,2022-09-19,2,861.34,1722.68
1341,384,2,6,2022-12-05,1,123.78,123.78
1342,104,2,9,2023-04-06,3,123.78,371.34
1343,232,9,4,2022-04-05,5,1294.67,6473.35
1344,214,14,3,2022-07-15,1,636.57,636.57
1345,6,8,10,2022-10-02,4,306.47,1225.88
1346,235,8,1,2023-11-21,5,306.47,1532.35
1347,105,4,3,2023-09-10,1,708.47,708.47
1348,253,9,8,2022-03-16,2,1294.67,2589.34
1349,245,16,10,2023-08-25,5,1657.58,8287.9
1350,190,9,6,2022-08-11,4,1294.67,5178.68
1351,300,14,8,2022-08-02,3,636.57,1909.71
1352,155,11,8,2022-11-07,1,694.98,694.98
1353,489,1,1,2022-08-05,2,1936.31,3872.62
1354,164,14,1,2022-05-01,4,636.57,2546.28
1355,345,2,3,2022-09-06,5,123.78,618.9
1356,259,8,4,2023-12-22,2,306.47,612.94
1357,444,6,8,2023-02-11,2,2046.26,4092.52
1358,432,9,5,2023-07-20,3,1294.67,3884.01
1359,355,4,3,2022-10-17,4,708.47,2833.88
1360,238,11,9,2023-04-23,5,694.98,3474.9
1361,188,2,1,2023-10-27,3,123.78,371.34
1362,142,17,9,2022-11-12,3,700.3,2100.9
1363,452,18,5,2023-01-04,5,1788.33,8941.65
1364,323,9,4,2023-05-25,4,1294.67,5178.68
1365,222,3,2,2022-04-11,4,861.34,3445.36
1366,111,13,3,2022-11-24,2,128.28,256.56
1367,362,16,10,2023-01-15,3,1657.58,4972.74
1368,490,10,8,2023-02-28,1,137.9,137.9
1369,127,7,5,2023-07-31,2,2681.93,5363.86
1370,77,14,5,2022-05-30,1,636.57,636.57
1371,411,8,5,2022-09-25,5,306.47,1532.35
1372,84,15,9,2023-08-22,5,1967.16,9835.8
1373,43,13,5,2023-03-04,3,128.28,384.84
1374,263,1,7,2022-06-06,2,1936.31,3872.62
1375,413,15,3,2022-12-04,2,1967.16,3934.32
1376,11,13,2,2023-01-24,5,128.28,641.4
1377,375,16,4,2022-09-09,4,1657.58,6630.32
1378,304,5,4,2023-07-18,3,2222.59,6667.77
1379,358,2,1,2022-09-21,4,123.78,495.12
1380,470,7,7,2023-10-20,4,2681.93,10727.72
1381,143,10,6,2023-04-17,2,137.9,275.8
1382,115,15,2,2022-12-27,2,1967.16,3934.32
1383,50,7,2,2022-05-24,5,2681.93,13409.65
1384,235,7,9,2023-05-16,2,2681.93,5363.86
1385,232,10,8,2023-07-10,1,137.9,137.9
1386,323,16,2,2023-06-21,1,1657.58,1657.58
1387,464,16,6,2022-03-18,1,1657.58,1657.58
1388,413,6,4,2022-01-07,4,2046.26,8185.04
1389,482,10,1,2022-05-21,2,137.9,275.8
1390,176,13,4,2022-03-11,2,128.28,256.56
1391,418,5,10,2022-01-10,2,2222.59,4445.18
1392,120,2,7,2023-06-02,4,123.78,495.12
1393,231,6,4,2023-01-18,1,2046.26,2046.26
1394,494,7,2,2023-09-25,5,2681.93,13409.65
1395,81,6,2,2023-05-10,4,2046.26,8185.04
1396,451,13,8,2022-01-17,1,128.28,128.28
1397,180,12,9,2023-06-29,5,1540.8,7704.0
1398,396,1,2,2023-02-26,1,1936.31,1936.31
1399,448,6,1,2022-01-18,5,2046.26,10231.3
1400,102,12,3,2022-10-09,5,1540.8,7704.0
1401,8,9,10,2022-10-21,1,1294.67,1294.67
1402,263,18,10,2023-05-30,4,1788.33,7153.32
1403,319,11,9,2022-07-03,1,694.98,694.98
1404,330,6,8,2022-04-09,5,2046.26,10231.3
1405,87,8,2,2022-06-02,2,306.47,612.94
1406,421,14,6,2022-07-16,5,636.57,3182.85
1407,419,2,9,2023-06-24,3,123.78,371.34
1408,194,13,9,2022-12-29,3,128.28,384.84
1409,415,1,1,2023-02-11,1,1936.31,1936.31
1410,23,2,7,2023-01-18,4,123.78,495.12
1411,275,17,8,2023-04-16,5,700.3,3501.5
1412,21,20,7,2022-09-07,2,69.17,138.34
1413,420,13,8,2022-11-04,1,128.28,128.28
1414,92,16,6,2023-11-01,1,1657.58,1657.58
1415,232,16,7,2022-04-06,4,1657.58,6630.32
1416,275,11,10,2023-01-24,4,694.98,2779.92
1417,442,11,1,2023-07-20,4,694.98,2779.92
1418,137,1,5,2022-02-27,1,1936.31,1936.31
1419,356,20,8,2023-12-21,2,69.17,138.34
1420,90,7,3,2022-03-26,4,2681.93,10727.72
1421,79,3,1,2023-03-21,3,861.34,2584.02
1422,303,5,6,2023-08-03,1,2222.59,2222.59
1423,45,7,4,2023-06-25,1,2681.93,2681.93
1424,107,1,7,2022-08-24,2,1936.31,3872.62
1425,468,13,10,2023-12-10,5,128.28,641.4
1426,112,12,5,2023-05-02,3,1540.8,4622.4
1427,484,16,5,2022-02-17,1,1657.58,1657.58
1428,154,5,5,2023-12-02,3,2222.59,6667.77
1429,409,5,6,2023-07-11,5,2222.59,11112.95
1430,212,17,10,2023-11-05,1,700.3,700.3
1431,17,16,10,2022-07-03,3,1657.58,4972.74
1432,161,7,2,2022-01-17,2,2681.93,5363.86
1433,382,19,4,2023-08-25,2,2437.82,4875.64
1434,53,15,4,2023-12-31,4,1967.16,7868.64
1435,166,14,8,2022-03-20,3,636.57,1909.71
1436,149,14,5,2022-06-16,5,636.57,3182.85
1437,484,12,8,2022-09-04,5,1540.8,7704.0
1438,389,8,7,2023-02-03,5,306.47,1532.35
1439,179,10,3,2022-12-06,4,137.9,551.6
1440,263,13,5,2022-05-24,1,128.28,128.28
1441,246,5,8,2023-05-28,3,2222.59,6667.77
1442,394,17,6,2022-02-24,1,700.3,700.3
1443,195,15,9,2023-03-24,2,1967.16,3934.32
1444,181,10,6,2022-03-19,3,137.9,413.7
1445,350,5,7,2023-09-12,5,2222.59,11112.95
1446,441,18,2,2023-09-02,4,1788.33,7153.32
1447,366,13,1,2022-12-01,1,128.28,128.28
1448,279,4,6,2023-10-12,3,708.47,2125.41
1449,247,4,8,2023-04-07,4,708.47,2833.88
1450,191,2,7,2022-08-22,3,123.78,371.34
1451,462,1,8,2023-07-21,4,1936.31,7745.24
1452,55,14,6,2023-03-19,2,636.57,1273.14
1453,144,4,10,2023-11-28,5,708.47,3542.35
1454,491,3,7,2023-11-08,4,861.34,3445.36
1455,388,9,4,2022-03-29,5,1294.67,6473.35
1456,31,13,6,2022-10-30,2,128.28,256.56
1457,161,14,2,2024-01-01,1,636.57,636.57
1458,305,13,4,2022-03-26,3,128.28,384.84
1459,311,10,6,2022-06-07,4,137.9,551.6
1460,33,3,7,2023-12-30,2,861.34,1722.68
1461,61,9,1,2023-02-03,3,1294.67,3884.01
1462,370,11,4,2023-01-05,1,694.98,694.98
1463,37,8,2,2022-04-04,1,306.47,306.47
1464,319,10,5,2022-11-12,4,137.9,551.6
1465,69,17,2,2023-01-04,3,700.3,2100.9
1466,219,5,2,2022-04-15,2,2222.59,4445.18
1467,233,8,2,2022-03-31,2,306.47,612.94
1468,110,2,4,2023-03-18,4,123.78,495.12
1469,90,16,3,2023-07-25,5,1657.58,8287.9
1470,395,10,8,2023-06-09,4,137.9,551.6
1471,208,5,6,2022-04-16,1,2222.59,2222.59
1472,397,14,1,2022-04-02,3,636.57,1909.71
1473,207,19,7,2023-07-22,1,2437.82,2437.82
1474,193,8,2,2023-09-04,5,306.47,1532.35
1475,73,1,10,2022-11-29,4,1936.31,7745.24
1476,221,15,4,2022-01-13,3,1967.16,5901.48
1477,57,5,6,2023-02-28,4,2222.59,8890.36
1478,129,15,10,2022-03-28,5,1967.16,9835.8
1479,359,20,9,2022-09-06,5,69.17,345.85
1480,447,9,1,2023-06-18,2,1294.67,2589.34
1481,392,19,7,2023-12-03,4,2437.82,9751.28
1482,243,10,4,2022-06-23,2,137.9,275.8
1483,41,20,10,2022-10-03,3,69.17,207.51
1484,483,10,9,2022-10-02,4,137.9,551.6
1485,272,13,10,2022-05-30,1,128.28,128.28
1486,20,4,9,2022-06-21,4,708.47,2833.88
1487,285,14,7,2022-10-10,4,636.57,2546.28
1488,434,20,5,2022-11-03,4,69.17,276.68
1489,122,8,3,2022-03-20,3,306.47,919.41
1490,126,20,3,2022-09-15,2,69.17,138.34
1491,456,18,6,2023-10-03,4,1788.33,7153.32
1492,225,16,2,2023-09-01,5,1657.58,8287.9
1493,284,5,5,2022-07-20,4,2222.59,8890.36
1494,280,12,4,2022-04-20,2,1540.8,3081.6
1495,322,1,10,2022-11-08,1,1936.31,1936.31
1496,347,15,8,2023-02-10,3,1967.16,5901.48
1497,386,1,8,2023-09-28,4,1936.31,7745.24
1498,380,1,5,2022-12-04,4,1936.31,7745.24
1499,341,17,1,2022-12-09,4,700.3,2801.2
1500,81,2,3,2023-10-29,5,123.78,618.9
1501,116,12,3,2022-05-20,3,1540.8,4622.4
1502,404,4,1,2022-11-25,5,708.47,3542.35
1503,488,18,1,2023-12-13,2,1788.33,3576.66
1504,59,19,6,2023-05-06,3,2437.82,7313.46
1505,86,4,10,2022-07-01,4,708.47,2833.88
1506,310,4,8,2022-11-23,3,708.47,2125.41
1507,121,9,5,2023-12-13,4,1294.67,5178.68
1508,216,16,8,2023-08-13,2,1657.58,3315.16
1509,280,20,7,2022-11-30,4,69.17,276.68
1510,64,18,4,2022-10-15,4,1788.33,7153.32
1511,348,5,2,2023-01-09,1,2222.59,2222.59
1512,226,11,4,2023-08-01,2,694.98,1389.96
1513,144,16,4,2023-08-30,5,1657.58,8287.9
1514,38,2,8,2022-07-04,5,123.78,618.9
1515,256,8,8,2022-01-28,4,306.47,1225.88
1516,244,17,8,2023-12-27,2,700.3,1400.6
1517,303,19,8,2023-03-25,3,2437.82,7313.46
1518,214,3,1,2023-12-11,1,861.34,861.34
1519,314,12,10,2023-02-23,4,1540.8,6163.2
1520,229,6,5,2022-05-23,3,2046.26,6138.78
1521,393,9,3,2022-09-05,3,1294.67,3884.01
1522,273,14,6,2023-11-06,2,636.57,1273.14
1523,497,9,10,2023-03-10,4,1294.67,5178.68
1524,348,11,2,2022-03-17,4,694.98,2779.92
1525,408,4,6,2023-09-05,4,708.47,2833.88
1526,162,11,8,2023-08-20,4,694.98,2779.92
1527,490,11,9,2023-07-02,5,694.98,3474.9
1528,222,3,2,2023-12-10,4,861.34,3445.36
1529,397,4,5,2023-07-11,1,708.47,708.47
1530,466,20,7,2023-01-04,5,69.17,345.85
1531,241,17,10,2023-09-01,1,700.3,700.3
1532,187,13,10,2022-04-22,2,128.28,256.56
1533,182,19,5,2023-11-05,3,2437.82,7313.46
1534,69,8,7,2022-06-20,5,306.47,1532.35
1535,482,16,8,2022-02-15,5,1657.58,8287.9
1536,286,10,3,2023-10-23,4,137.9,551.6
1537,456,10,3,2022-12-06,4,137.9,551.6
1538,70,10,6,2022-04-19,1,137.9,137.9
1539,249,18,10,2022-04-11,3,1788.33,5364.99
1540,292,2,1,2022-08-16,5,123.78,618.9
1541,321,14,8,2023-06-16,5,636.57,3182.85
1542,72,7,8,2023-08-18,5,2681.93,13409.65
1543,9,13,8,2022-08-15,4,128.28,513.12
1544,442,9,2,2023-01-19,4,1294.67,5178.68
1545,150,7,7,2023-04-20,5,2681.93,13409.65
1546,212,5,5,2023-12-09,5,2222.59,11112.95
1547,272,12,9,2022-06-04,3,1540.8,4622.4
1548,302,1,6,2022-01-26,4,1936.31,7745.24
1549,435,14,6,2022-04-18,3,636.57,1909.71
1550,217,19,4,2023-03-02,1,2437.82,2437.82
1551,201,17,4,2022-04-29,2,700.3,1400.6
1552,52,7,10,2022-12-23,3,2681.93,8045.79
1553,164,7,2,2022-12-18,4,2681.93,10727.72
1554,316,13,6,2022-07-31,5,128.28,641.4
1555,109,8,5,2023-05-10,3,306.47,919.41
1556,125,10,6,2023-05-03,1,137.9,137.9
1557,1,11,8,2023-03-25,4,694.98,2779.92
1558,327,7,10,2022-11-23,1,2681.93,2681.93
1559,283,17,3,2022-11-04,1,700.3,700.3
1560,228,7,8,2023-12-29,1,2681.93,2681.93
1561,329,1,2,2022-01-24,3,1936.31,5808.93
1562,498,17,1,2023-10-26,1,700.3,700.3
1563,130,13,9,2023-11-25,2,128.28,256.56
1564,215,13,1,2022-09-07,5,128.28,641.4
1565,350,7,7,2022-06-28,5,2681.93,13409.65
1566,163,16,6,2022-06-13,3,1657.58,4972.74
1567,254,2,9,2023-07-28,4,123.78,495.12
1568,330,6,4,2023-04-19,2,2046.26,4092.52
1569,313,4,5,2023-02-19,2,708.47,1416.94
1570,30,8,2,2022-07-10,4,306.47,1225.88
1571,416,3,10,2023-02-10,1,861.34,861.34
1572,110,10,3,2023-09-21,2,137.9,275.8
1573,193,5,5,2023-04-06,5,2222.59,11112.95
1574,195,12,10,2023-03-16,4,1540.8,6163.2
1575,251,18,3,2022-01-05,2,1788.33,3576.66
1576,425,4,1,2022-07-30,3,708.47,2125.41
1577,104,18,1,2023-12-22,1,1788.33,1788.33
1578,252,6,1,2023-08-15,1,2046.26,2046.26
1579,243,17,6,2023-07-04,2,700.3,1400.6
1580,215,8,3,2023-01-10,3,306.47,919.41
1581,18,8,7,2022-07-21,4,306.47,1225.88
1582,49,16,1,2022-04-27,3,1657.58,4972.74
1583,53,4,7,2023-11-18,4,708.47,2833.88
1584,345,4,8,2023-06-25,3,708.47,2125.41
1585,70,12,4,2023-09-04,4,1540.8,6163.2
1586,59,17,8,2023-09-18,4,700.3,2801.2
1587,483,11,8,2023-08-25,1,694.98,694.98
1588,362,18,6,2022-12-23,3,1788.33,5364.99
1589,142,16,10,2023-04-14,5,1657.58,8287.9
1590,293,11,8,2022-06-26,3,694.98,2084.94
1591,390,10,10,2023-09-22,5,137.9,689.5
1592,29,5,7,2022-03-28,2,2222.59,4445.18
1593,402,7,1,2022-11-17,1,2681.93,2681.93
1594,242,1,3,2022-09-02,3,1936.31,5808.93
1595,84,9,1,2022-04-30,2,1294.67,2589.34
1596,65,9,4,2023-01-18,2,1294.67,2589.34
1597,383,16,4,2023-06-08,4,1657.58,6630.32
1598,368,10,8,2023-03-05,5,137.9,689.5
1599,112,6,6,2022-05-22,5,2046.26,10231.3
1600,132,18,3,2023-01-28,4,1788.33,7153.32
1601,405,4,5,2022-07-10,4,708.47,2833.88
1602,1,10,1,2023-10-13,5,137.9,689.5
1603,354,9,1,2023-12-12,2,1294.67,2589.34
1604,479,1,7,2023-07-23,2,1936.31,3872.62
1605,489,2,6,2023-05-17,3,123.78,371.34
1606,79,14,3,2022-05-24,2,636.57,1273.14
1607,52,5,2,2022-11-19,4,2222.59,8890.36
1608,102,11,6,2023-09-27,1,694.98,694.98
1609,428,5,9,2023-01-03,1,2222.59,2222.59
1610,58,8,5,2023-05-12,2,306.47,612.94
1611,217,14,1,2022-07-19,4,636.57,2546.28
1612,448,5,10,2023-07-30,5,2222.59,11112.95
1613,400,5,1,2023-10-31,4,2222.59,8890.36
1614,106,19,5,2023-02-23,4,2437.82,9751.28
1615,137,5,10,2023-03-02,4,2222.59,8890.36
1616,161,1,2,2023-05-16,2,1936.31,3872.62
1617,316,10,4,2022-03-26,5,137.9,689.5
1618,269,5,9,2022-02-01,2,2222.59,4445.18
1619,225,3,3,2022-10-27,1,861.34,861.34
1620,320,3,4,2022-10-09,2,861.34,1722.68
1621,283,8,3,2023-07-05,3,306.47,919.41
1622,227,2,4,2022-06-22,4,123.78,495.12
1623,244,2,10,2023-08-03,4,123.78,495.12
1624,83,19,6,2023-07-17,5,2437.82,12189.1
1625,11,15,3,2022-04-26,5,1967.16,9835.8
1626,79,9,3,2022-04-27,3,1294.67,3884.01
1627,142,6,5,2023-07-11,3,2046.26,6138.78
1628,291,17,10,2023-07-10,1,700.3,700.3
1629,107,16,7,2023-03-28,5,1657.58,8287.9
1630,37,6,4,2022-08-12,4,2046.26,8185.04
1631,58,11,9,2022-04-15,2,694.98,1389.96
1632,36,13,9,2022-11-01,1,128.28,128.28
1633,330,17,5,2023-04-06,3,700.3,2100.9
1634,1,19,7,2022-12-23,1,2437.82,2437.82
1635,334,14,5,2023-03-26,1,636.57,636.57
1636,235,10,5,2022-08-31,2,137.9,275.8
1637,489,17,10,2023-08-26,3,700.3,2100.9
1638,183,18,1,2023-12-29,5,1788.33,8941.65
1639,434,3,10,2023-10-10,4,861.34,3445.36
1640,361,18,1,2022-06-19,5,1788.33,8941.65
1641,325,2,1,2022-05-23,2,123.78,247.56
1642,279,16,10,2022-07-31,1,1657.58,1657.58
1643,27,13,6,2023-08-07,3,128.28,384.84
1644,399,3,10,2023-06-30,3,861.34,2584.02
1645,32,19,3,2023-09-04,5,2437.82,12189.1
1646,437,5,3,2022-06-22,3,2222.59,6667.77
1647,42,18,1,2023-12-22,3,1788.33,5364.99
1648,152,10,10,2022-10-24,5,137.9,689.5
1649,358,4,1,2022-10-01,5,708.47,3542.35
1650,2,20,2,2023-11-27,1,69.17,69.17
1651,107,5,5,2022-05-19,4,2222.59,8890.36
1652,157,19,5,2022-03-02,3,2437.82,7313.46
1653,315,12,4,2023-11-03,2,1540.8,3081.6
1654,387,18,2,2023-12-20,2,1788.33,3576.66
1655,157,11,1,2022-09-13,2,694.98,1389.96
1656,283,18,3,2023-12-30,3,1788.33,5364.99
1657,8,16,6,2022-09-11,4,1657.58,6630.32
1658,253,19,9,2023-05-17,2,2437.82,4875.64
1659,493,18,7,2023-08-15,3,1788.33,5364.99
1660,201,19,4,2023-10-05,4,2437.82,9751.28
1661,204,1,2,2023-01-20,4,1936.31,7745.24
1662,424,15,6,2022-03-19,1,1967.16,1967.16
1663,306,3,5,2023-02-17,5,861.34,4306.7
1664,401,7,4,2022-10-12,3,2681.93,8045.79
1665,240,6,3,2023-04-11,4,2046.26,8185.04
1666,196,18,5,2022-12-02,5,1788.33,8941.65
1667,17,6,3,2022-01-03,1,2046.26,2046.26
1668,233,2,10,2023-04-15,3,123.78,371.34
1669,82,17,6,2022-03-06,5,700.3,3501.5
1670,408,12,10,2023-02-12,2,1540.8,3081.6
1671,113,12,4,2023-03-16,2,1540.8,3081.6
1672,5,7,2,2023-05-22,3,2681.93,8045.79
1673,226,11,10,2022-11-27,3,694.98,2084.94
1674,436,2,4,2022-12-12,5,123.78,618.9
1675,456,7,8,2023-08-15,2,2681.93,5363.86
1676,233,2,3,2023-08-03,4,123.78,495.12
1677,384,9,5,2022-12-18,1,1294.67,1294.67
1678,45,5,3,2022-02-17,1,2222.59,2222.59
1679,182,5,4,2023-10-04,4,2222.59,8890.36
1680,6,14,5,2022-01-17,1,636.57,636.57
1681,198,8,3,2022-06-11,4,306.47,1225.88
1682,101,17,1,2023-04-13,1,700.3,700.3
1683,177,10,4,2023-03-15,2,137.9,275.8
1684,127,13,10,2023-12-07,2,128.28,256.56
1685,42,18,10,2023-10-28,3,1788.33,5364.99
1686,228,13,10,2022-06-12,3,128.28,384.84
1687,4,16,6,2022-04-06,3,1657.58,4972.74
1688,6,10,3,2022-09-14,1,137.9,137.9
1689,397,4,5,2023-01-16,2,708.47,1416.94
1690,296,2,4,2022-02-23,4,123.78,495.12
1691,132,20,6,2023-10-03,3,69.17,207.51
1692,150,1,9,2023-12-18,2,1936.31,3872.62
1693,288,6,7,2023-03-16,1,2046.26,2046.26
1694,316,19,4,2023-12-22,1,2437.82,2437.82
1695,103,10,8,2022-01-02,2,137.9,275.8
1696,20,2,2,2023-05-04,1,123.78,123.78
1697,298,16,9,2022-05-16,5,1657.58,8287.9
1698,427,3,4,2022-08-20,5,861.34,4306.7
1699,40,10,1,2023-11-28,4,137.9,551.6
1700,495,1,10,2022-01-10,1,1936.31,1936.31
1701,466,18,4,2023-12-14,3,1788.33,5364.99
1702,254,6,10,2022-05-04,4,2046.26,8185.04
1703,410,12,10,2023-12-12,2,1540.8,3081.6
1704,240,3,2,2023-05-05,1,861.34,861.34
1705,221,14,8,2022-08-23,4,636.57,2546.28
1706,145,1,10,2022-04-02,1,1936.31,1936.31
1707,266,3,4,2022-04-16,3,861.34,2584.02
1708,316,7,2,2023-01-12,3,2681.93,8045.79
1709,302,6,4,2022-05-21,4,2046.26,8185.04
1710,43,4,5,2022-05-17,2,708.47,1416.94
1711,157,18,7,2022-03-12,5,1788.33,8941.65
1712,170,20,8,2023-07-31,1,69.17,69.17
1713,226,20,2,2023-09-17,2,69.17,138.34
1714,452,7,2,2023-03-27,3,2681.93,8045.79
1715,293,15,2,2022-08-07,2,1967.16,3934.32
1716,137,19,10,2023-02-26,5,2437.82,12189.1
1717,190,14,4,2023-12-05,4,636.57,2546.28
1718,380,18,3,2022-08-11,1,1788.33,1788.33
1719,414,1,8,2022-04-13,2,1936.31,3872.62
1720,459,13,2,2022-05-07,5,128.28,641.4
1721,342,14,4,2023-01-29,3,636.57,1909.71
1722,484,6,10,2023-03-16,3,2046.26,6138.78
1723,179,13,4,2022-05-24,2,128.28,256.56
1724,226,4,4,2022-10-11,1,708.47,708.47
1725,288,6,7,2022-09-12,5,2046.26,10231.3
1726,5,5,6,2023-09-08,5,2222.59,11112.95
1727,252,6,1,2023-09-15,3,2046.26,6138.78
1728,236,10,6,2023-12-09,1,137.9,137.9
1729,254,8,7,2023-11-06,3,306.47,919.41
1730,376,10,7,2022-07-30,5,137.9,689.5
1731,25,8,10,2023-09-14,5,306.47,1532.35
1732,453,14,3,2022-07-13,4,636.57,2546.28
1733,474,10,5,2022-10-30,1,137.9,137.9
1734,441,9,8,2022-09-03,4,1294.67,5178.68
1735,335,1,2,2023-01-31,1,1936.31,1936.31
1736,324,2,1,2022-09-04,4,123.78,495.12
1737,284,10,2,2023-10-16,5,137.9,689.5
1738,444,6,10,2022-03-14,5,2046.26,10231.3
1739,315,16,1,2022-01-13,3,1657.58,4972.74
1740,31,18,3,2022-11-21,2,1788.33,3576.66
1741,141,12,4,2023-02-01,5,1540.8,7704.0
1742,322,14,2,2023-03-07,3,636.57,1909.71
1743,328,20,6,2023-07-14,2,69.17,138.34
1744,480,7,7,2023-04-28,1,2681.93,2681.93
1745,296,9,7,2022-01-18,5,1294.67,6473.35
1746,252,18,1,2022-03-11,1,1788.33,1788.33
1747,68,2,4,2022-09-26,2,123.78,247.56
1748,24,10,10,2022-02-10,1,137.9,137.9
1749,254,13,7,2023-02-12,5,128.28,641.4
1750,488,11,4,2022-10-21,5,694.98,3474.9
1751,372,14,6,2023-03-02,4,636.57,2546.28
1752,281,11,5,2023-12-20,4,694.98,2779.92
1753,321,15,6,2022-03-26,5,1967.16,9835.8
1754,102,3,2,2023-07-05,5,861.34,4306.7
1755,98,15,7,2022-06-06,3,1967.16,5901.48
1756,377,19,6,2022-03-27,3,2437.82,7313.46
1757,270,20,9,2022-03-22,5,69.17,345.85
1758,105,9,6,2022-07-28,2,1294.67,2589.34
1759,294,19,10,2023-07-04,3,2437.82,7313.46
1760,192,10,6,2023-02-05,5,137.9,689.5
1761,264,18,10,2023-10-12,1,1788.33,1788.33
1762,475,1,8,2022-11-14,4,1936.31,7745.24
1763,98,9,5,2022-09-02,1,1294.67,1294.67
1764,262,16,10,2022-09-08,1,1657.58,1657.58
1765,159,17,4,2023-03-21,1,700.3,700.3
1766,264,10,9,2023-04-10,5,137.9,689.5
1767,38,2,9,2023-09-16,1,123.78,123.78
1768,426,3,1,2022-11-13,2,861.34,1722.68
1769,326,7,1,2022-05-03,1,2681.93,2681.93
1770,148,6,4,2023-12-26,2,2046.26,4092.52
1771,359,18,6,2023-12-20,1,1788.33,1788.33
1772,250,14,9,2022-06-17,4,636.57,2546.28
1773,449,14,5,2022-12-22,5,636.57,3182.85
1774,439,13,9,2023-06-14,3,128.28,384.84
1775,175,6,4,2022-06-20,3,2046.26,6138.78
1776,361,9,9,2022-05-10,3,1294.67,3884.01
1777,278,15,6,2022-05-01,1,1967.16,1967.16
1778,113,6,8,2022-12-10,4,2046.26,8185.04
1779,172,6,2,2022-10-06,5,2046.26,10231.3
1780,109,4,1,2022-03-07,3,708.47,2125.41
1781,457,18,2,2023-12-31,5,1788.33,8941.65
1782,494,10,5,2023-10-05,1,137.9,137.9
1783,199,1,10,2023-05-24,4,1936.31,7745.24
1784,360,19,10,2023-06-08,3,2437.82,7313.46
1785,291,2,7,2022-02-26,4,123.78,495.12
1786,123,19,6,2023-08-04,2,2437.82,4875.64
1787,31,15,3,2023-01-12,2,1967.16,3934.32
1788,420,12,10,2022-09-19,1,1540.8,1540.8
1789,212,7,5,2023-08-11,1,2681.93,2681.93
1790,354,5,9,2022-08-22,5,2222.59,11112.95
1791,342,16,10,2022-01-03,1,1657.58,1657.58
1792,151,9,10,2022-01-13,2,1294.67,2589.34
1793,340,9,2,2022-02-17,4,1294.67,5178.68
1794,418,8,4,2023-01-08,4,306.47,1225.88
1795,163,11,2,2022-06-03,2,694.98,1389.96
1796,398,14,2,2022-02-06,5,636.57,3182.85
1797,359,11,8,2023-11-03,4,694.98,2779.92
1798,66,1,3,2022-08-18,3,1936.31,5808.93
1799,16,9,3,2022-09-12,4,1294.67,5178.68
1800,393,2,2,2022-11-24,3,123.78,371.34
1801,166,19,8,2022-03-21,5,2437.82,12189.1
1802,396,2,6,2023-01-17,1,123.78,123.78
1803,196,15,6,2023-05-30,1,1967.16,1967.16
1804,198,15,10,2022-07-03,2,1967.16,3934.32
1805,484,20,6,2023-06-13,1,69.17,69.17
1806,332,2,10,2023-02-15,1,123.78,123.78
1807,315,8,7,2023-04-22,3,306.47,919.41
1808,495,2,4,2022-11-15,3,123.78,371.34
1809,287,6,4,2022-03-30,5,2046.26,10231.3
1810,430,19,5,2023-04-13,1,2437.82,2437.82
1811,114,4,3,2023-01-13,2,708.47,1416.94
1812,67,1,7,2022-10-26,5,1936.31,9681.55
1813,335,10,8,2022-11-08,5,137.9,689.5
1814,358,3,7,2022-09-06,4,861.34,3445.36
1815,365,12,8,2023-01-13,5,1540.8,7704.0
1816,405,7,6,2023-05-21,2,2681.93,5363.86
1817,79,10,10,2023-07-14,2,137.9,275.8
1818,38,20,8,2022-06-04,1,69.17,69.17
1819,359,7,7,2023-02-24,1,2681.93,2681.93
1820,211,6,7,2022-08-27,5,2046.26,10231.3
1821,386,14,8,2022-12-21,1,636.57,636.57
1822,351,19,6,2022-12-10,1,2437.82,2437.82
1823,111,5,4,2023-11-05,4,2222.59,8890.36
1824,23,9,4,2022-11-11,1,1294.67,1294.67
1825,82,15,1,2022-07-30,5,1967.16,9835.8
1826,256,1,8,2022-09-01,4,1936.31,7745.24
1827,289,2,8,2023-05-19,1,123.78,123.78
1828,147,14,8,2022-05-26,3,636.57,1909.71
1829,259,9,10,2022-04-06,1,1294.67,1294.67
1830,424,13,10,2022-08-26,5,128.28,641.4
1831,302,19,6,2023-02-27,3,2437.82,7313.46
1832,207,9,9,2023-04-15,1,1294.67,1294.67
1833,481,8,7,2023-08-18,1,306.47,306.47
1834,351,11,4,2023-06-02,2,694.98,1389.96
1835,190,17,2,2023-10-15,4,700.3,2801.2
1836,313,1,9,2022-03-18,5,1936.31,9681.55
1837,305,2,3,2023-08-05,1,123.78,123.78
1838,330,12,4,2023-03-22,2,1540.8,3081.6
1839,294,5,1,2022-08-31,3,2222.59,6667.77
1840,422,19,4,2022-09-25,3,2437.82,7313.46
1841,317,9,6,2023-02-07,3,1294.67,3884.01
1842,382,10,10,2022-11-22,4,137.9,551.6
1843,428,4,2,2022-10-06,2,708.47,1416.94
1844,162,10,7,2022-03-18,2,137.9,275.8
1845,267,14,9,2022-05-20,5,636.57,3182.85
1846,442,20,4,2022-04-22,2,69.17,138.34
1847,55,9,2,2022-04-19,2,1294.67,2589.34
1848,134,10,5,2023-04-06,4,137.9,551.6
1849,247,7,6,2022-11-18,4,2681.93,10727.72
1850,310,20,4,2022-05-04,5,69.17,345.85
1851,425,16,2,2023-01-02,2,1657.58,3315.16
1852,123,8,3,2023-04-08,3,306.47,919.41
1853,184,11,10,2023-04-20,3,694.98,2084.94
1854,328,19,1,2022-05-03,1,2437.82,2437.82
1855,146,5,5,2022-06-11,3,2222.59,6667.77
1856,226,17,8,2023-12-23,5,700.3,3501.5
1857,171,20,1,2022-02-11,2,69.17,138.34
1858,302,19,9,2022-12-02,2,2437.82,4875.64
1859,87,6,10,2022-04-04,2,2046.26,4092.52
1860,343,6,6,2022-12-31,4,2046.26,8185.04
1861,179,10,4,2023-06-10,1,137.9,137.9
1862,283,10,2,2023-11-25,3,137.9,413.7
1863,190,19,5,2022-09-24,2,2437.82,4875.64
1864,306,7,9,2022-02-01,4,2681.93,10727.72
1865,314,12,4,2023-04-09,5,1540.8,7704.0
1866,463,6,1,2023-07-18,2,2046.26,4092.52
1867,21,20,2,2022-04-07,4,69.17,276.68
1868,147,16,2,2022-04-15,2,1657.58,3315.16
1869,185,16,2,2022-05-05,1,1657.58,1657.58
1870,308,8,6,2022-03-05,2,306.47,612.94
1871,188,1,9,2022-05-14,2,1936.31,3872.62
1872,461,2,4,2023-02-15,3,123.78,371.34
1873,25,18,7,2023-12-04,1,1788.33,1788.33
1874,141,5,3,2023-08-20,5,2222.59,11112.95
1875,366,14,6,2022-09-23,1,636.57,636.57
1876,199,7,10,2022-01-23,1,2681.93,2681.93
1877,245,9,1,2022-07-22,4,1294.67,5178.68
1878,423,4,6,2022-05-12,1,708.47,708.47
1879,336,11,9,2022-12-06,1,694.98,694.98
1880,57,7,5,2022-02-13,4,2681.93,10727.72
1881,461,10,10,2022-02-21,2,137.9,275.8
1882,460,5,4,2023-08-11,4,2222.59,8890.36
1883,398,3,3,2023-02-09,4,861.34,3445.36
1884,385,3,3,2022-01-31,4,861.34,3445.36
1885,343,5,2,2023-12-01,4,2222.59,8890.36
1886,406,4,1,2022-06-26,3,708.47,2125.41
1887,457,4,4,2022-08-08,2,708.47,1416.94
1888,247,5,5,2022-10-09,3,2222.59,6667.77
1889,94,3,3,2023-04-02,2,861.34,1722.68
1890,471,15,6,2022-02-05,5,1967.16,9835.8
1891,85,18,8,2023-09-27,5,1788.33,8941.65
1892,353,5,5,2022-09-09,3,2222.59,6667.77
1893,42,3,5,2023-05-26,4,861.34,3445.36
1894,259,12,3,2023-07-18,4,1540.8,6163.2
1895,274,9,10,2022-03-04,1,1294.67,1294.67
1896,84,13,2,2022-10-14,4,128.28,513.12
1897,61,6,10,2022-05-21,4,2046.26,8185.04
1898,194,17,6,2022-07-24,5,700.3,3501.5
1899,212,19,10,2022-09-13,5,2437.82,12189.1
1900,423,19,2,2022-01-20,4,2437.82,9751.28
1901,181,2,4,2024-01-01,3,123.78,371.34
1902,398,5,7,2023-05-07,5,2222.59,11112.95
1903,408,20,1,2023-05-12,3,69.17,207.51
1904,229,5,4,2023-08-03,5,2222.59,11112.95
1905,180,2,4,2022-11-26,4,123.78,495.12
1906,333,4,5,2022-10-04,2,708.47,1416.94
1907,167,6,3,2022-01-27,3,2046.26,6138.78
1908,184,20,1,2023-09-04,2,69.17,138.34
1909,484,14,6,2022-01-31,3,636.57,1909.71
1910,271,11,10,2022-03-01,4,694.98,2779.92
1911,55,19,10,2023-06-27,3,2437.82,7313.46
1912,167,5,5,2023-08-22,2,2222.59,4445.18
1913,395,11,4,2022-06-13,1,694.98,694.98
1914,167,5,6,2022-09-11,2,2222.59,4445.18
1915,86,8,5,2022-09-30,5,306.47,1532.35
1916,134,20,6,2022-02-27,2,69.17,138.34
1917,320,13,6,2023-08-13,4,128.28,513.12
1918,413,3,10,2022-12-30,2,861.34,1722.68
1919,414,11,6,2022-06-30,2,694.98,1389.96
1920,95,6,9,2023-08-30,3,2046.26,6138.78
1921,236,6,2,2023-12-16,3,2046.26,6138.78
1922,93,15,10,2023-08-29,1,1967.16,1967.16
1923,202,10,3,2023-12-22,3,137.9,413.7
1924,429,4,1,2023-08-05,5,708.47,3542.35
1925,307,4,10,2022-05-26,5,708.47,3542.35
1926,471,1,10,2022-07-12,4,1936.31,7745.24
1927,359,8,4,2023-07-10,3,306.47,919.41
1928,122,11,1,2022-06-29,4,694.98,2779.92
1929,431,20,4,2022-02-08,1,69.17,69.17
1930,157,2,6,2022-02-27,2,123.78,247.56
1931,93,6,4,2023-09-09,2,2046.26,4092.52
1932,352,17,10,2022-01-21,5,700.3,3501.5
1933,406,1,2,2023-05-05,1,1936.31,1936.31
1934,486,5,10,2022-12-06,5,2222.59,11112.95
1935,51,20,5,2022-07-26,2,69.17,138.34
1936,122,13,5,2022-12-15,2,128.28,256.56
1937,296,4,3,2022-11-28,1,708.47,708.47
1938,453,14,3,2022-01-23,2,636.57,1273.14
1939,427,1,2,2023-08-24,2,1936.31,3872.62
1940,348,7,1,2022-04-24,5,2681.93,13409.65
1941,93,3,6,2023-01-09,1,861.34,861.34
1942,46,6,3,2023-01-18,4,2046.26,8185.04
1943,386,18,9,2023-08-24,1,1788.33,1788.33
1944,315,15,7,2022-12-11,3,1967.16,5901.48
1945,157,14,1,2022-11-27,2,636.57,1273.14
1946,318,20,6,2022-06-11,4,69.17,276.68
1947,316,1,3,2023-10-17,4,1936.31,7745.24
1948,396,5,7,2023-10-27,3,2222.59,6667.77
1949,366,6,10,2022-06-28,5,2046.26,10231.3
1950,91,7,5,2023-12-12,5,2681.93,13409.65
1951,241,19,1,2023-01-01,2,2437.82,4875.64
1952,336,20,1,2023-11-13,5,69.17,345.85
1953,97,7,5,2022-06-29,4,2681.93,10727.72
1954,206,8,2,2022-11-11,3,306.47,919.41
1955,317,12,7,2022-05-11,2,1540.8,3081.6
1956,470,9,6,2022-01-02,5,1294.67,6473.35
1957,130,9,9,2023-02-05,5,1294.67,6473.35
1958,290,9,4,2022-02-03,2,1294.67,2589.34
1959,489,6,9,2023-09-09,3,2046.26,6138.78
1960,338,6,4,2023-09-19,2,2046.26,4092.52
1961,46,3,10,2023-10-17,5,861.34,4306.7
1962,3,13,4,2022-04-17,4,128.28,513.12
1963,354,18,8,2022-05-25,3,1788.33,5364.99
1964,459,18,5,2022-03-21,2,1788.33,3576.66
1965,268,6,6,2022-12-22,3,2046.26,6138.78
1966,447,6,1,2022-06-21,1,2046.26,2046.26
1967,494,15,1,2023-12-27,3,1967.16,5901.48
1968,397,6,5,2023-04-03,1,2046.26,2046.26
1969,133,14,8,2022-09-29,2,636.57,1273.14
1970,451,15,4,2022-09-13,1,1967.16,1967.16
1971,213,18,6,2022-12-25,3,1788.33,5364.99
1972,346,15,9,2022-04-21,1,1967.16,1967.16
1973,278,14,6,2022-02-19,4,636.57,2546.28
1974,397,15,4,2023-03-25,4,1967.16,7868.64
1975,103,10,8,2022-06-20,4,137.9,551.6
1976,298,15,6,2023-05-20,4,1967.16,7868.64
1977,385,10,9,2022-12-26,5,137.9,689.5
1978,24,3,3,2023-01-20,1,861.34,861.34
1979,363,18,8,2023-05-06,5,1788.33,8941.65
1980,329,3,9,2023-10-29,2,861.34,1722.68
1981,97,7,10,2022-06-16,4,2681.93,10727.72
1982,413,13,7,2022-03-17,1,128.28,128.28
1983,3,17,2,2022-10-29,1,700.3,700.3
1984,131,6,7,2022-11-23,3,2046.26,6138.78
1985,394,4,1,2022-04-18,1,708.47,708.47
1986,369,12,2,2022-12-17,2,1540.8,3081.6
1987,432,3,10,2023-01-20,2,861.34,1722.68
1988,330,17,1,2022-03-18,5,700.3,3501.5
1989,361,16,4,2022-04-06,3,1657.58,4972.74
1990,25,6,10,2023-09-01,5,2046.26,10231.3
1991,141,3,3,2023-05-10,1,861.34,861.34
1992,371,10,6,2023-03-18,2,137.9,275.8
1993,315,20,8,2023-09-14,4,69.17,276.68
1994,225,9,2,2022-06-10,1,1294.67,1294.67
1995,301,19,4,2022-04-14,3,2437.82,7313.46
1996,13,2,3,2022-07-30,2,123.78,247.56
1997,51,1,4,2023-02-24,5,1936.31,9681.55
1998,445,12,9,2023-07-08,3,1540.8,4622.4
1999,126,3,5,2023-11-08,3,861.34,2584.02
2000,160,11,3,2022-11-01,2,694.98,1389.96
